Unnamed: 0,age,study_hours_per_day,social_media_hours,netflix_hours,attendance_percentage,sleep_hours,exercise_frequency,mental_health_rating,exam_score,dq_e,pel_e,iq_e,gender_Male,gender_Other,part_time_job_Yes,extracurricular_participation_Yes
29,20,2.0,3.2,3.8,82.6,6.7,6,10,75.7,0,0,0,False,False,True,True
535,22,6.4,4.2,1.5,88.8,6.1,0,6,85.0,1,0,2,False,False,True,False
695,20,2.5,1.9,1.6,93.6,7.0,4,8,68.5,2,1,2,False,False,False,False
557,22,3.8,3.6,4.3,100.0,7.3,1,7,69.9,0,1,0,True,False,False,True
836,19,3.5,2.8,0.0,92.0,3.8,5,5,58.7,1,0,0,True,False,False,True
596,21,3.3,2.7,1.9,98.2,8.3,3,1,66.1,1,1,0,True,False,False,False
165,17,0.5,3.3,2.3,90.0,6.8,4,5,39.0,1,0,2,True,False,False,False
918,20,3.3,2.8,1.4,71.2,6.5,5,7,71.9,0,1,1,True,False,True,False
495,23,3.1,3.5,2.2,78.8,3.4,0,7,49.9,1,2,2,True,False,False,False
824,24,4.9,0.5,2.1,85.3,7.5,0,4,83.9,0,0,1,False,True,False,False
65,18,3.3,4.1,0.7,80.5,5.7,0,8,69.6,0,2,2,False,False,False,False
141,17,5.0,1.3,0.8,95.4,5.4,6,7,96.2,2,1,2,True,False,False,False
925,19,1.7,2.9,1.6,97.3,8.7,1,7,53.6,2,0,2,False,True,True,False
827,18,4.3,2.6,1.2,71.0,8.5,5,9,87.5,2,1,1,False,False,False,False
655,21,2.2,3.5,0.0,82.5,5.1,0,7,57.6,0,1,1,False,False,False,False
331,17,7.3,1.7,1.6,79.5,7.7,6,2,100.0,1,0,1,True,False,False,True
664,17,3.8,2.4,1.1,83.1,5.0,4,4,64.4,1,0,2,True,False,False,False
249,19,3.1,1.1,4.1,65.4,5.6,3,10,58.4,2,0,2,False,False,False,True
907,19,3.3,2.5,2.1,63.8,5.5,1,3,55.4,1,0,1,False,False,False,False
708,24,1.9,3.1,2.0,92.6,5.3,4,6,53.2,2,0,0,True,False,False,False
305,21,4.4,3.6,0.3,76.6,5.4,2,5,87.5,1,0,2,False,False,False,True
734,18,3.4,3.1,1.4,100.0,6.8,4,5,75.2,0,1,2,False,False,False,False
975,18,2.6,3.0,1.4,84.1,8.1,6,3,66.7,1,1,1,False,False,False,False
49,22,6.1,2.5,2.3,100.0,5.8,5,1,96.5,0,0,1,False,False,False,False
896,22,2.8,1.8,3.4,74.0,5.1,6,5,58.4,2,0,1,True,False,True,False
2,21,1.4,3.1,1.3,94.8,8.0,1,1,34.3,0,0,0,True,False,False,False
544,17,4.1,2.8,1.6,100.0,7.3,6,7,87.9,0,1,1,False,False,False,False
350,20,1.8,3.1,3.1,72.8,5.3,3,8,54.0,2,0,1,True,False,False,False
904,19,3.9,0.7,0.7,88.6,5.7,1,1,73.0,0,0,0,False,False,True,True
536,24,2.0,3.8,1.2,81.3,6.7,1,7,40.4,2,1,2,True,False,False,True
344,19,3.2,1.2,1.2,78.6,6.6,2,10,81.7,1,0,0,True,False,False,True
994,20,1.6,1.3,2.9,75.3,5.6,0,5,41.7,2,0,1,False,False,False,False
481,22,5.6,2.2,1.6,65.2,8.3,0,7,84.6,2,2,0,False,False,False,False
575,22,1.1,1.9,1.7,92.3,7.6,4,3,48.3,1,2,2,True,False,False,True
33,18,4.0,0.9,1.1,99.5,5.8,2,5,70.7,0,0,1,False,False,False,False
31,17,1.5,3.1,2.6,96.2,8.0,4,3,51.3,1,1,1,False,True,True,True
231,20,2.5,1.4,0.9,83.5,6.3,6,8,73.1,2,1,2,False,False,False,False
963,23,3.1,2.1,2.0,95.9,4.7,0,2,53.3,0,0,2,False,False,False,False
192,17,4.3,3.3,2.3,86.5,5.5,4,6,69.4,0,2,2,False,False,False,False
333,19,3.8,4.2,1.2,92.2,7.1,1,10,72.3,2,0,2,True,False,False,False
3,23,1.0,3.9,1.0,71.0,9.2,4,1,26.8,0,2,2,False,False,False,True
204,20,5.3,1.7,1.0,79.3,5.9,0,3,78.4,1,1,2,True,False,False,True
514,18,5.9,1.3,1.7,80.6,6.2,5,1,87.1,1,0,2,False,False,False,True
799,19,3.8,1.2,2.0,82.2,7.1,2,2,66.3,2,1,1,False,False,False,True
306,20,6.0,1.6,1.3,92.5,8.1,5,9,100.0,1,1,1,False,False,False,False
109,23,5.4,2.4,2.5,95.7,6.0,2,2,77.5,1,0,2,False,False,False,False
430,17,1.9,4.0,3.0,98.6,6.2,0,7,35.7,0,1,1,True,False,False,True
77,20,2.7,1.4,0.4,82.6,7.8,1,1,57.2,1,1,0,False,False,False,False
84,23,2.5,4.4,1.6,84.4,6.8,5,4,51.3,1,1,1,False,False,False,False
286,17,2.7,2.9,1.7,82.8,6.4,4,1,46.6,1,2,1,False,False,False,False
82,21,2.6,4.9,0.0,86.6,6.3,6,4,60.2,1,0,0,False,False,True,False
991,20,6.0,2.1,3.0,86.7,5.1,2,3,85.3,2,0,2,True,False,False,False
789,23,3.4,0.5,0.4,72.9,7.9,4,4,78.0,1,1,2,True,False,False,False
894,20,1.5,4.6,0.7,82.6,7.0,1,4,45.4,2,1,2,True,False,True,True
398,24,5.7,2.9,1.7,77.3,6.4,0,2,69.1,2,2,2,True,False,False,True
323,18,2.9,1.6,1.7,100.0,6.1,0,10,70.2,2,1,2,True,False,False,False
519,18,2.9,2.2,1.7,99.0,5.3,2,7,71.2,2,1,1,True,False,True,False
916,18,4.4,3.4,1.4,91.1,6.5,1,7,69.1,2,0,2,True,False,False,False
922,17,1.3,0.1,3.6,82.0,5.8,5,2,44.3,0,2,1,True,False,False,True
5,24,7.2,1.3,0.0,82.9,7.4,1,4,100.0,1,2,1,True,False,False,False
731,17,3.5,0.0,2.4,92.2,6.2,4,1,63.6,2,2,0,True,False,False,False
465,23,5.1,1.5,0.8,81.0,5.5,6,4,83.2,1,0,2,True,False,False,False
97,20,4.1,2.0,1.0,90.4,5.4,5,6,80.9,2,1,1,True,False,False,False
266,20,6.6,3.2,2.1,86.5,9.3,5,4,100.0,1,2,1,False,False,False,True
357,24,4.4,0.0,2.3,75.8,7.0,2,1,81.9,1,1,1,True,False,False,False
868,23,3.8,1.9,3.6,96.8,5.5,6,2,77.8,1,2,2,True,False,False,False
798,17,5.1,3.9,3.0,79.3,7.2,1,10,90.6,2,1,1,False,False,False,False
380,24,3.5,1.6,2.2,69.9,9.3,0,6,67.7,2,1,1,True,False,False,False
631,20,3.7,1.8,1.3,91.9,6.3,6,10,80.9,1,2,2,False,False,False,False
381,22,6.2,1.0,3.4,82.8,5.9,4,10,100.0,0,1,2,False,False,False,False
490,24,4.4,1.4,2.2,94.6,5.5,3,2,63.6,2,2,2,False,False,False,True
118,24,3.8,3.3,1.9,72.8,6.9,3,2,58.3,0,1,2,False,False,False,True
900,21,4.8,2.9,2.6,66.0,7.6,0,6,82.1,0,2,1,True,False,False,True
250,22,5.5,3.5,1.1,81.3,7.0,2,10,100.0,2,0,1,True,False,True,False
523,23,4.0,3.4,3.2,83.0,6.6,5,1,61.7,2,0,1,False,True,False,False
9,18,4.8,3.1,1.3,95.4,7.5,5,10,100.0,2,1,2,False,False,False,True
196,18,2.7,2.1,1.9,88.9,8.7,4,5,64.5,2,0,0,True,False,False,False
603,22,1.1,1.7,2.7,94.5,5.3,3,3,35.8,1,0,1,False,False,False,False
81,20,3.2,3.2,5.0,100.0,6.7,5,2,57.6,2,0,0,False,True,False,False
783,20,3.0,2.3,0.0,66.0,7.5,2,9,77.9,2,0,2,True,False,False,False
587,19,4.3,1.1,2.0,78.9,7.5,4,5,71.4,2,2,1,True,False,False,False
797,23,8.2,2.2,1.5,83.1,5.7,2,5,100.0,0,2,2,True,False,False,True
239,24,2.5,2.6,1.4,100.0,6.2,0,6,52.5,0,2,0,True,False,False,False
290,17,4.0,1.4,1.3,80.7,4.8,2,8,75.9,1,0,0,True,False,False,False
211,23,6.1,1.8,0.5,82.9,6.1,6,3,98.3,2,1,2,False,False,False,True
717,20,3.2,1.7,2.1,96.3,6.9,1,4,66.3,2,2,1,False,False,True,True
359,19,6.3,1.5,0.0,83.3,7.3,5,2,100.0,2,1,2,True,False,False,True
449,22,3.1,4.0,1.3,85.2,8.0,6,8,74.0,1,0,2,False,False,False,True
227,22,5.8,1.4,1.9,85.2,4.7,4,8,96.6,2,1,1,False,False,False,True
950,19,2.7,1.1,3.1,77.6,4.7,5,2,50.8,1,0,1,False,False,False,False
946,21,2.1,0.9,1.5,91.7,5.6,3,1,55.0,1,1,2,False,False,False,True
796,21,0.3,3.6,1.7,95.2,6.7,3,4,33.6,0,1,1,True,False,False,True
501,21,3.3,1.4,1.0,96.8,6.2,0,5,74.9,2,1,0,False,False,False,False
464,20,6.3,3.0,3.9,73.1,6.9,2,5,85.3,1,2,1,True,False,True,False
362,17,3.2,2.9,0.7,92.0,6.1,5,5,67.9,1,2,0,False,False,False,False
468,21,3.6,2.0,0.1,76.5,7.1,0,2,66.8,2,1,2,False,False,False,True
935,17,3.4,4.0,0.7,87.1,7.3,1,2,62.0,0,2,2,True,False,True,False
428,17,2.3,1.5,3.2,83.1,8.2,1,3,52.4,2,0,1,False,False,False,False
7,21,4.3,1.0,2.0,77.7,4.6,0,8,72.6,1,1,1,False,False,True,False
155,18,1.5,3.0,2.3,77.9,6.6,3,10,57.3,1,0,2,True,False,False,False
541,18,4.2,3.8,3.4,84.8,5.4,2,5,67.4,2,0,2,False,False,True,False
440,17,3.2,0.2,0.9,100.0,6.9,4,5,76.1,1,1,2,True,False,False,False
482,21,3.4,1.5,0.7,79.3,7.1,1,1,67.0,1,0,0,True,False,False,False
422,22,2.0,2.4,3.9,66.9,4.1,3,2,29.5,1,0,2,False,False,False,True
778,24,5.1,0.5,1.4,88.9,4.1,4,8,100.0,2,1,1,True,False,False,False
949,21,4.4,0.3,2.1,100.0,5.5,4,4,84.5,1,1,2,False,False,False,False
334,22,5.8,1.0,2.4,97.9,6.1,4,9,100.0,1,0,1,False,False,False,False
576,21,1.9,2.1,1.3,91.4,5.6,3,10,61.7,1,0,2,True,False,False,False
934,24,5.1,1.5,3.2,78.6,7.0,5,8,89.3,0,0,0,True,False,False,True
567,24,4.7,4.1,3.0,71.2,4.9,3,10,93.1,2,1,0,True,False,False,True
594,20,4.3,2.4,1.0,97.9,7.2,3,6,88.0,2,0,1,True,False,True,False
530,17,4.4,1.3,2.4,87.9,5.5,2,8,80.9,2,2,2,True,False,False,True
581,17,3.2,3.1,2.4,91.3,6.7,3,3,68.5,1,0,1,True,False,False,False
707,24,5.2,1.4,3.6,98.6,5.7,4,6,92.0,2,1,1,True,False,False,False
448,23,4.0,3.6,0.3,93.4,7.0,6,10,91.9,2,0,2,False,False,False,True
453,22,3.4,2.5,2.2,63.2,7.4,1,4,63.4,0,2,2,False,False,False,False
228,17,3.5,3.6,2.7,92.9,8.4,3,8,72.6,1,0,1,True,False,False,True
352,17,2.4,3.2,3.7,78.9,8.2,5,4,47.0,2,1,2,True,False,False,True
728,21,2.8,2.0,2.0,80.1,5.6,2,3,59.9,1,0,1,False,True,False,True
212,21,1.4,2.7,3.4,92.5,4.7,1,2,29.7,0,1,1,True,False,False,True
79,20,5.9,3.3,2.8,79.9,5.5,3,7,91.6,2,2,1,True,False,True,False
148,17,5.1,3.1,3.7,94.6,6.4,1,7,85.2,1,2,2,False,False,False,False
302,19,3.2,3.1,2.0,86.8,5.6,5,9,74.5,1,0,0,False,False,False,False
628,23,4.0,2.0,2.0,85.3,6.5,4,2,70.7,1,2,2,True,False,False,True
777,24,4.2,2.2,0.3,89.0,6.8,3,10,87.5,0,0,2,False,True,True,True
506,24,2.0,3.5,2.6,76.5,4.8,6,5,53.2,2,2,2,False,False,False,False
342,19,2.3,2.1,1.8,77.2,5.0,5,3,54.7,1,0,1,True,False,False,False
485,22,4.1,1.6,0.6,73.1,5.5,5,1,77.5,1,0,2,False,False,False,False
711,18,3.2,3.1,2.0,100.0,5.4,4,7,70.9,2,0,1,True,False,False,False
133,21,4.8,1.5,2.2,87.9,5.9,4,2,78.4,1,1,0,False,False,False,True
703,24,0.9,3.3,1.6,87.3,6.5,6,5,37.9,0,1,2,True,False,True,False
311,23,2.6,5.3,1.7,69.4,7.3,5,10,67.0,2,1,1,False,False,True,False
722,20,1.6,1.8,0.0,98.8,6.4,3,5,58.6,2,1,2,True,False,False,False
629,23,5.5,2.7,3.2,91.9,7.3,6,1,82.6,1,0,2,True,False,True,False
0,23,0.0,1.2,1.1,85.0,8.0,6,8,56.2,1,2,1,False,False,False,True
316,19,3.3,2.2,2.9,80.3,9.7,0,9,76.1,2,0,0,False,False,True,False
706,20,5.0,1.5,2.2,56.7,5.5,2,4,83.6,0,2,1,False,False,False,False
547,20,6.3,2.5,3.3,85.4,6.1,6,5,95.6,1,0,2,True,False,False,False
872,18,4.2,3.0,0.5,100.0,6.0,3,4,78.4,1,0,1,False,False,False,False
532,17,4.8,2.5,3.1,81.7,7.1,5,5,83.0,1,0,2,True,False,True,True
477,24,4.1,3.6,2.2,93.8,6.9,5,8,84.0,0,0,0,True,False,False,False
404,24,4.6,1.4,2.9,74.5,5.4,6,7,85.6,2,1,1,True,False,True,True
172,19,3.2,0.7,3.5,74.3,7.1,5,5,68.3,2,0,2,True,False,False,False
125,24,1.5,3.1,3.5,95.5,7.4,0,3,44.0,1,0,1,True,False,False,False
394,19,3.2,1.5,0.0,79.6,8.1,5,10,92.0,2,1,2,False,False,False,False
420,18,3.8,2.9,4.1,68.7,9.1,4,3,70.8,1,2,2,False,False,True,False
552,21,0.2,3.1,2.1,77.9,7.0,5,4,31.5,2,2,2,False,False,True,True
903,23,3.3,1.9,2.2,79.1,6.2,4,7,70.9,1,0,1,False,False,False,False
90,24,4.0,2.3,2.5,74.7,7.8,6,1,77.8,1,1,2,True,False,False,False
939,18,4.7,3.2,1.9,75.2,5.4,3,6,71.0,2,0,2,False,False,False,False
181,23,3.5,3.0,1.5,79.1,5.5,0,9,67.4,2,1,1,True,False,True,False
274,17,3.2,2.8,4.3,86.1,7.7,4,4,58.6,1,0,1,False,False,False,True
895,20,2.3,1.5,2.0,83.8,5.6,3,6,57.0,1,1,1,False,False,False,False
69,22,6.8,3.7,1.8,72.3,7.5,6,5,100.0,0,2,1,True,False,False,False
291,19,6.1,1.5,0.4,89.2,7.0,1,9,100.0,0,1,1,False,False,False,False
131,21,7.2,3.7,0.0,100.0,7.8,6,9,100.0,2,0,2,False,False,False,False
300,17,3.3,2.6,3.7,71.0,5.7,6,4,61.6,0,0,2,False,False,False,True
424,24,4.1,3.8,1.9,84.5,7.6,1,10,73.0,1,1,0,True,False,True,False
326,19,1.4,2.0,3.5,87.7,6.3,1,8,41.7,1,1,2,True,False,False,False
144,24,4.3,4.9,3.0,75.1,8.4,5,9,74.0,1,2,2,True,False,False,True
423,19,3.6,4.0,0.5,82.3,4.7,1,1,53.2,2,0,0,False,False,False,False
580,22,3.3,3.0,1.0,90.0,8.5,5,4,73.0,2,2,1,False,False,False,False
135,21,3.4,3.1,0.6,82.8,4.7,4,8,74.3,1,1,2,True,False,False,False
450,22,3.1,3.3,1.8,98.5,6.5,2,8,62.7,1,1,1,False,False,False,False
164,18,3.6,2.5,3.0,95.3,5.8,3,2,63.1,0,0,1,True,False,False,True
28,24,4.3,2.0,2.8,78.4,8.1,5,3,82.8,2,0,0,True,False,True,True
773,20,3.3,3.6,2.6,100.0,6.2,2,2,57.1,1,0,0,True,False,False,True
193,23,4.6,0.9,1.9,86.0,4.8,4,6,81.3,2,2,2,True,False,False,False
388,17,4.6,3.7,0.6,87.0,5.9,3,4,73.2,2,0,1,True,False,False,True
852,21,2.3,1.0,0.7,67.5,5.2,6,9,72.5,2,1,2,True,False,False,False
169,22,4.4,3.5,2.7,87.0,7.8,2,1,62.4,1,1,2,True,False,True,False
705,21,1.0,2.1,1.0,79.4,8.7,1,8,52.6,1,1,1,False,False,False,True
140,24,2.5,3.8,2.2,85.4,5.0,6,8,63.4,2,0,2,True,False,False,False
173,20,5.7,2.1,2.4,85.8,5.6,3,4,83.8,1,2,2,False,False,False,True
6,21,5.6,1.5,1.4,85.8,6.5,2,4,89.8,2,2,0,False,False,True,False
745,18,4.2,3.4,1.4,81.6,6.8,2,4,74.0,2,2,1,False,False,False,False
478,17,6.6,1.3,1.7,77.9,6.9,5,3,97.7,2,0,2,False,False,False,True
73,18,7.4,3.6,3.9,83.6,5.5,3,7,97.7,1,0,1,False,False,False,True
910,19,4.9,1.0,2.4,100.0,6.6,1,10,89.2,1,0,1,True,False,False,False
813,20,3.8,4.9,1.9,75.2,6.3,5,6,65.5,0,0,1,False,False,False,False
238,19,5.3,2.7,4.3,90.5,6.9,1,4,74.2,1,1,0,True,False,False,True
145,23,2.2,6.2,3.0,86.4,6.9,1,4,46.7,2,0,2,False,False,False,False
792,21,2.1,3.1,4.2,86.4,5.2,1,9,50.1,1,1,0,False,False,False,True
234,20,3.0,2.4,4.0,88.1,5.4,5,5,62.9,0,0,2,True,False,False,False
220,19,4.5,1.3,4.2,86.4,6.3,0,10,82.1,1,0,1,False,False,False,False
923,23,0.1,1.2,0.0,78.7,7.6,5,9,53.4,0,0,2,True,False,False,False
500,23,5.5,1.1,1.4,84.4,4.9,0,6,84.5,1,1,2,True,False,False,False
132,17,3.5,2.6,3.2,84.8,7.5,5,5,74.0,1,1,1,False,False,True,True
990,18,3.2,3.5,1.7,91.7,6.5,1,5,63.6,2,2,2,True,False,False,False
774,18,7.5,3.6,1.9,85.9,7.8,6,3,100.0,1,1,1,False,False,True,False
185,21,1.3,3.8,3.6,80.6,6.7,5,5,40.4,1,1,2,False,False,True,False
41,23,2.9,2.3,2.3,86.2,7.2,6,1,66.0,2,1,1,False,False,False,False
696,23,5.6,1.6,0.3,86.5,6.0,5,6,100.0,1,2,2,False,True,False,False
108,22,2.4,1.9,2.1,93.3,6.6,4,9,60.0,0,0,1,False,False,False,True
588,20,3.8,3.0,3.4,76.4,7.8,1,2,61.5,1,0,1,False,True,False,False
56,24,2.5,2.0,0.0,83.9,5.3,6,8,66.7,2,1,1,True,False,False,False
405,20,3.1,2.0,1.9,89.3,6.4,2,10,65.4,2,0,2,False,False,False,True
442,17,2.5,1.7,4.1,91.1,7.6,5,7,65.0,0,0,1,False,False,False,False
757,19,2.6,3.3,2.4,74.5,7.1,0,3,44.5,1,2,2,False,False,False,True
997,20,3.0,2.6,1.3,61.9,6.5,5,9,64.4,2,1,2,True,False,False,True
24,20,2.0,0.0,0.9,81.8,5.5,4,2,54.9,1,1,1,False,False,True,False
467,17,5.4,3.3,2.6,85.9,7.1,6,8,98.1,1,0,2,True,False,False,False
539,18,3.8,4.1,1.6,100.0,7.2,4,6,81.0,2,0,2,True,False,False,True
531,24,2.8,2.2,2.7,87.5,5.9,0,1,47.4,2,0,2,False,False,False,True
618,23,2.9,2.4,0.0,84.4,6.2,0,1,61.4,2,1,1,True,False,False,True
694,18,5.0,4.0,1.4,77.6,4.6,6,10,88.6,1,0,0,True,False,False,False
926,21,2.7,2.4,2.7,81.7,8.8,5,4,58.8,1,0,2,True,False,False,True
338,20,5.0,3.4,1.6,80.9,6.0,2,1,67.7,2,1,1,False,False,True,True
51,22,2.5,3.2,0.5,85.7,6.5,0,5,59.7,0,0,1,False,False,False,False
507,19,2.7,1.0,2.4,79.6,7.6,1,1,57.3,1,0,0,False,False,False,False
516,24,5.3,2.9,1.9,100.0,5.2,3,5,80.9,2,1,0,True,False,False,True
920,21,3.5,3.9,2.5,62.8,6.7,3,10,74.5,2,0,2,True,False,True,False
781,19,2.9,1.9,3.2,82.4,6.4,4,6,66.9,1,1,2,False,False,False,False
264,19,1.9,0.7,0.0,81.7,5.8,1,4,51.5,2,2,0,True,False,False,False
817,19,4.9,1.5,3.4,71.4,6.9,6,7,88.2,2,0,2,False,False,False,True
710,23,1.8,1.7,0.3,78.9,7.2,5,1,58.1,1,0,2,True,False,False,False
682,23,2.7,4.3,2.9,88.9,4.8,4,8,53.4,0,0,1,False,False,False,False
832,19,5.3,2.6,0.0,87.1,8.5,5,9,98.4,1,0,1,True,False,True,True
518,24,5.0,2.6,3.1,94.8,4.7,0,5,79.6,0,1,2,False,False,False,False
447,22,5.9,0.0,3.0,100.0,6.3,2,1,93.6,1,0,2,False,False,False,True
18,24,2.0,4.9,2.9,88.3,7.1,2,5,43.9,2,0,2,False,True,True,False
715,24,5.6,1.4,3.1,85.8,6.1,0,10,91.3,2,2,2,True,False,False,False
483,22,4.2,1.7,1.8,73.2,6.2,3,2,76.0,1,1,0,True,False,False,False
568,23,4.1,1.6,0.5,80.2,7.8,5,7,89.8,0,0,0,True,False,False,True
433,24,4.9,2.6,0.2,100.0,6.0,1,3,89.3,2,1,1,False,False,False,True
367,18,5.8,3.2,4.1,90.5,7.9,6,8,99.3,0,1,2,True,False,False,False
83,24,2.0,0.6,3.0,89.0,7.7,6,2,50.5,0,0,2,True,False,False,True
61,23,4.0,1.7,2.6,100.0,5.0,4,5,75.0,1,1,2,True,False,False,False
638,18,5.1,2.1,0.7,75.2,6.7,1,10,99.4,1,2,2,False,False,True,True
272,24,4.8,2.5,2.4,74.7,6.4,6,1,76.2,2,0,2,True,False,True,False
285,19,2.5,2.8,0.5,85.1,6.5,0,6,60.6,0,0,0,False,False,True,True
360,20,5.3,2.7,2.4,85.8,5.4,4,6,81.0,2,0,2,False,False,True,False
354,24,3.4,2.3,2.3,100.0,6.2,1,1,47.6,2,0,2,True,False,False,False
456,22,3.9,1.6,0.7,86.0,4.6,5,1,68.7,2,2,0,False,False,True,False
278,17,4.2,2.0,0.4,88.6,5.4,2,8,93.9,1,2,2,False,False,False,True
12,19,3.7,2.1,0.4,81.1,4.5,1,9,76.9,1,1,2,False,False,True,False
182,22,4.2,3.1,0.7,69.2,7.2,1,10,79.9,2,2,0,True,False,False,False
368,19,2.8,5.0,0.0,82.4,4.2,3,8,71.0,1,1,2,False,False,True,False
881,22,2.9,2.7,2.6,86.8,4.7,3,1,45.5,1,2,1,True,False,True,False
615,19,1.5,2.2,2.3,89.1,7.9,0,1,43.7,1,1,1,False,False,False,False
223,20,2.6,2.4,2.9,73.7,4.6,4,1,41.9,1,2,1,False,False,False,False
572,17,3.5,3.2,0.0,82.7,5.0,4,3,60.4,2,0,2,True,False,False,False
970,24,4.2,2.4,1.5,83.2,5.1,3,9,85.9,1,1,1,False,False,False,True
653,21,4.8,2.1,1.9,100.0,6.8,1,8,82.6,1,0,2,False,False,False,False
545,24,3.1,3.8,2.1,89.5,4.1,5,4,54.1,1,2,1,False,False,False,True
582,20,3.6,2.6,2.2,72.6,3.3,1,8,61.0,1,0,2,True,False,False,False
633,17,4.5,1.4,1.5,75.0,8.0,2,2,83.7,2,2,2,True,False,False,True
176,19,2.6,3.1,0.3,84.6,7.1,6,5,77.5,2,0,1,True,False,False,True
665,21,4.2,4.5,3.1,84.0,6.6,2,9,75.3,2,0,1,False,False,False,False
673,22,3.9,2.2,0.2,85.4,6.7,3,6,84.9,0,2,1,True,False,False,True
585,23,3.9,2.1,1.6,78.4,6.4,3,1,62.8,2,0,2,True,False,False,False
873,17,4.3,1.3,0.0,82.7,4.9,1,7,84.9,1,0,2,False,False,False,False
393,24,2.3,3.0,4.6,67.5,6.6,3,9,51.8,1,1,1,True,False,False,False
163,20,4.2,4.5,2.1,85.7,5.6,2,5,70.6,0,2,2,True,False,False,False
248,17,3.0,3.5,1.6,95.4,6.4,3,3,54.1,1,0,2,False,False,False,False
634,18,3.8,2.5,1.8,85.0,6.3,5,8,76.8,0,0,1,False,False,False,False
885,21,5.2,0.0,1.3,87.7,8.7,6,8,100.0,1,0,0,True,False,False,False
669,23,3.5,2.1,2.3,87.2,4.5,1,9,69.9,2,1,2,True,False,False,False
375,20,1.1,2.1,3.6,97.3,8.0,6,1,50.3,1,1,1,True,False,True,True
412,22,3.9,2.1,2.2,65.0,5.1,2,9,73.7,2,0,1,False,False,False,False
74,21,2.3,1.0,0.4,100.0,6.4,6,1,66.9,1,0,2,False,False,False,False
113,22,3.0,2.5,2.6,83.1,5.5,0,4,51.3,1,1,1,True,False,False,False
598,20,5.9,1.1,2.1,83.4,5.7,2,2,86.4,0,2,1,False,False,True,True
961,17,4.7,1.8,1.6,95.8,5.1,2,10,81.1,2,2,2,False,False,False,False
390,19,3.3,0.6,1.2,79.8,5.9,2,10,73.0,2,0,2,False,False,True,False
104,18,3.8,3.3,2.5,90.0,7.6,5,7,74.3,2,1,2,True,False,False,False
114,23,5.3,1.2,0.8,92.3,8.2,2,1,83.3,1,0,1,False,False,False,False
417,18,5.2,3.7,1.1,96.6,7.4,2,9,100.0,1,1,1,False,False,False,True
525,23,5.3,2.9,0.9,91.6,5.0,4,4,84.1,2,0,0,True,False,False,False
457,24,2.4,2.6,1.5,86.5,5.7,3,4,58.9,2,0,2,True,False,False,False
409,22,2.7,2.2,2.8,100.0,6.6,2,3,53.0,1,0,1,True,False,False,False
92,18,0.5,0.8,2.5,97.9,4.1,4,3,43.9,0,0,2,True,False,True,False
930,23,4.0,0.3,0.6,78.4,7.8,1,7,89.5,2,2,2,True,False,False,False
89,18,1.2,3.6,0.0,72.7,6.6,4,4,41.1,0,0,1,True,False,False,True
336,21,6.6,2.2,2.7,73.0,6.4,2,8,100.0,2,1,0,False,False,False,True
988,18,3.3,2.4,1.2,67.5,4.1,4,8,72.5,1,1,1,True,False,False,True
921,23,4.4,2.7,1.0,79.8,6.1,6,3,85.4,1,0,1,False,False,False,False
933,17,1.8,3.0,2.0,81.1,4.9,1,10,47.5,2,0,1,False,False,False,False
605,19,2.2,3.5,1.8,100.0,3.3,6,8,67.6,2,1,2,True,False,False,False
593,20,0.8,2.3,1.3,83.9,5.5,3,6,34.7,0,1,2,False,False,True,False
611,18,6.0,1.6,1.3,89.7,5.5,6,7,100.0,1,0,0,True,False,False,False
94,22,5.3,1.0,2.2,72.6,4.5,0,8,81.3,1,0,1,False,False,False,False
11,23,3.9,2.4,2.5,71.7,7.9,2,1,74.4,1,1,1,True,False,False,False
396,24,4.9,0.0,2.5,87.6,6.0,5,1,97.2,1,2,1,True,False,True,False
533,17,1.5,2.3,3.0,86.2,5.7,1,10,54.2,1,0,2,True,False,False,False
43,24,4.3,0.9,3.2,62.8,7.1,0,2,65.7,0,1,2,False,False,False,False
42,18,3.7,3.4,2.0,88.9,6.8,3,1,63.5,1,0,0,True,False,False,True
329,24,5.4,0.2,0.0,76.8,6.7,4,8,100.0,1,1,1,True,False,False,False
167,23,3.3,2.0,1.2,85.8,6.9,0,7,72.2,0,0,2,True,False,True,False
497,20,5.5,3.6,0.0,81.5,4.9,1,5,80.3,1,0,1,True,False,False,False
876,18,4.1,2.1,2.4,87.2,5.5,4,10,83.1,1,0,2,True,False,False,False
597,23,4.9,1.6,4.0,87.1,8.0,5,7,95.5,1,1,0,True,False,False,False
756,18,2.3,2.3,1.7,88.3,6.2,4,4,58.5,2,1,2,True,False,False,False
100,23,4.3,3.0,1.5,100.0,7.5,5,10,93.2,2,0,1,True,False,False,True
426,17,3.8,0.9,1.0,85.6,5.9,5,8,80.9,2,1,2,True,False,False,False
178,17,2.9,2.5,2.4,83.7,6.3,5,9,65.2,0,0,2,False,True,True,False
444,20,2.8,1.8,2.7,79.1,9.0,4,1,64.9,0,2,1,True,False,False,True
416,21,1.1,4.3,0.9,86.7,4.9,3,9,49.9,1,0,1,True,False,False,False
870,21,4.7,0.0,2.7,62.0,5.4,1,3,67.5,2,0,2,False,True,True,False
882,19,2.7,1.8,0.0,72.5,6.5,4,7,68.2,1,1,0,False,True,False,False
680,24,3.3,2.9,1.1,83.3,7.8,6,4,70.4,0,0,2,False,True,False,False
177,19,3.0,2.6,1.6,71.0,5.5,0,7,55.0,1,2,1,True,False,False,True
395,20,4.1,3.1,1.8,82.5,4.9,4,8,77.8,1,0,2,True,False,False,False
911,21,5.4,4.5,1.0,75.1,7.1,2,4,83.9,1,0,2,True,False,False,False
793,20,2.5,4.3,2.4,84.5,8.6,3,3,49.4,1,2,2,False,False,False,False
960,17,7.1,1.9,1.1,69.3,5.6,6,6,100.0,2,0,1,True,False,True,False
684,17,3.7,2.8,3.6,81.8,3.6,3,4,59.8,1,1,2,True,False,False,True
383,21,2.8,2.1,0.6,90.4,6.4,2,9,71.0,2,0,0,True,False,False,True
956,20,3.2,2.3,1.5,71.0,5.0,6,3,59.6,2,0,2,False,False,False,False
751,21,6.8,2.9,2.0,80.0,5.4,0,7,96.2,1,0,1,False,False,False,False
257,22,3.9,2.9,2.0,79.1,7.6,3,7,71.0,1,2,2,False,False,False,False
538,21,4.3,3.2,2.8,83.3,4.3,2,6,67.5,0,0,0,True,False,False,False
335,24,6.5,3.5,3.9,100.0,7.4,5,7,100.0,0,0,1,True,False,False,True
15,21,3.1,5.0,1.0,97.5,6.5,6,7,74.0,2,0,1,True,False,False,False
324,22,3.8,1.8,0.7,97.5,8.2,5,2,84.2,1,1,1,False,False,False,False
758,17,3.2,2.6,2.8,100.0,7.1,1,10,75.4,1,0,2,True,False,False,True
222,22,6.7,2.9,2.0,83.2,6.6,6,5,100.0,2,1,1,True,False,False,False
179,19,3.8,1.7,3.8,90.2,5.3,2,4,58.1,2,0,1,False,False,False,False
983,21,3.9,1.8,2.1,74.0,6.5,2,2,64.4,0,2,1,True,False,False,False
22,18,4.9,2.3,0.6,84.5,6.0,3,7,98.7,1,0,1,False,True,False,False
356,18,5.8,2.6,0.9,70.0,7.1,6,8,100.0,2,0,1,True,False,True,False
666,22,1.9,4.0,0.5,82.9,7.6,2,9,50.4,2,0,1,False,False,True,True
861,17,3.9,1.9,0.2,82.4,8.4,4,9,93.5,1,1,0,True,False,False,True
340,19,4.7,3.2,3.1,70.3,7.6,5,2,80.3,1,1,2,True,False,True,False
431,22,0.0,2.0,2.5,82.0,3.7,4,2,29.9,0,1,1,False,False,False,False
551,20,3.3,4.3,0.4,89.3,4.8,1,5,67.0,0,0,1,False,False,True,False
833,20,4.6,2.2,2.6,68.8,5.7,6,2,78.5,0,1,2,False,True,False,False
203,17,2.0,3.8,0.3,78.4,7.6,6,5,58.5,1,2,0,True,False,False,False
630,17,0.7,3.2,2.4,95.9,8.3,1,10,50.3,2,2,1,False,False,False,True
93,22,4.1,2.5,3.0,85.1,5.8,4,5,70.2,2,0,2,True,False,False,False
558,24,4.6,1.8,1.6,89.3,5.3,0,1,60.1,1,0,1,True,False,False,True
68,20,4.9,0.3,2.7,92.3,6.2,0,6,82.1,2,1,0,False,False,True,False
622,23,1.2,1.1,0.7,84.7,7.3,0,2,35.6,1,1,1,False,False,False,True
284,18,4.1,1.9,2.6,100.0,7.9,6,8,91.9,1,1,2,True,False,False,False
844,21,0.7,3.2,0.3,72.7,7.9,2,7,47.2,1,0,2,False,False,True,True
434,20,0.0,3.5,3.2,72.6,6.2,3,2,26.2,1,0,2,True,False,False,False
153,19,4.3,3.1,0.7,77.9,6.5,0,6,81.4,2,0,1,False,False,False,False
75,18,6.0,3.4,2.0,92.3,7.0,0,9,99.9,1,1,2,False,False,True,True
730,19,4.3,2.7,2.6,91.9,5.0,3,1,58.4,2,1,2,False,False,True,False
446,19,3.7,1.8,0.9,75.9,5.9,1,1,56.3,1,0,1,True,False,True,False
188,23,1.4,3.3,2.5,91.9,8.3,3,4,46.5,1,0,0,False,False,False,True
271,24,4.7,1.3,3.3,79.9,6.7,1,1,73.6,2,2,2,False,False,True,False
236,22,1.5,1.4,2.4,80.9,6.0,3,5,46.2,2,0,2,True,False,False,False
487,20,5.0,0.8,2.0,84.1,6.7,6,6,94.6,1,1,1,True,False,False,True
117,22,4.1,1.1,1.9,82.3,7.5,1,8,80.8,2,0,2,True,False,False,False
943,21,5.2,3.8,2.8,88.2,4.5,2,3,72.0,2,0,0,True,False,False,False
512,23,2.9,2.8,0.5,88.2,3.8,5,2,61.6,2,0,0,False,False,False,True
825,20,4.3,1.3,0.0,90.2,6.3,0,7,90.4,2,0,1,True,False,True,False
591,24,4.5,4.4,2.2,85.1,6.5,4,1,64.0,1,0,2,False,False,False,False
126,18,0.7,3.4,1.4,81.6,6.1,1,8,42.4,0,0,0,True,False,True,False
116,17,7.0,3.3,3.1,88.4,6.1,5,6,94.8,2,0,1,True,False,False,True
473,20,5.0,2.9,2.6,96.2,6.7,6,5,80.6,0,0,1,True,False,False,False
693,20,4.9,2.8,0.6,88.7,7.0,5,6,88.7,1,0,1,False,False,False,False
57,17,3.9,2.4,1.2,90.7,7.1,1,7,75.2,2,1,1,True,False,False,True
863,18,1.5,3.9,2.7,78.5,8.0,0,8,42.3,2,0,0,False,False,False,True
912,21,3.6,2.7,0.1,75.8,9.5,6,9,89.1,0,0,1,True,False,False,False
369,23,1.8,1.1,0.6,95.8,7.7,6,5,70.9,0,1,1,False,False,True,False
268,23,3.2,3.8,2.3,100.0,5.1,3,9,76.1,1,1,0,True,False,False,False
46,24,2.4,4.3,1.0,87.9,8.9,5,9,71.0,0,0,1,True,False,False,True
349,23,5.7,0.9,1.2,89.2,5.8,5,7,100.0,0,1,1,False,False,False,False
195,18,0.0,2.8,1.6,93.4,5.8,0,5,26.7,1,1,2,False,False,False,False
999,19,4.3,2.9,1.9,89.4,7.1,2,8,74.9,2,1,1,False,False,False,False
834,17,4.0,1.4,0.0,100.0,6.5,2,6,81.1,1,0,0,False,True,True,True
736,20,3.1,0.0,3.3,78.6,6.9,0,6,72.8,1,1,1,False,False,False,False
263,17,2.2,2.4,2.3,94.3,6.1,5,6,62.7,0,1,1,False,False,True,False
443,24,2.3,1.1,1.8,79.4,6.6,3,6,66.8,1,2,2,False,False,True,False
675,21,4.0,2.1,1.4,100.0,7.7,1,6,82.2,1,1,2,False,False,False,False
304,18,2.6,3.5,2.0,84.0,6.2,0,1,39.6,2,1,1,True,False,False,False
341,20,2.7,3.7,1.1,72.4,6.3,0,3,44.3,1,0,1,False,False,False,False
966,21,1.7,0.2,0.8,83.5,7.0,1,8,56.4,0,0,2,False,True,False,True
149,24,4.2,3.6,1.8,100.0,6.1,3,5,75.4,1,0,0,False,False,True,False
124,21,2.3,1.9,0.1,81.9,6.6,2,4,61.7,1,1,1,False,False,False,False
786,23,4.1,2.6,2.4,77.3,6.9,2,9,85.3,2,1,1,True,False,False,False
50,23,1.6,1.0,3.1,82.8,5.5,4,10,62.0,1,2,2,False,False,False,True
353,24,0.7,2.2,0.0,94.1,6.1,2,6,48.7,1,0,2,False,False,False,False
927,20,3.3,4.0,1.9,67.1,6.8,0,2,43.5,2,1,2,False,False,False,False
142,20,3.2,2.0,2.0,88.3,4.9,4,4,65.4,1,1,0,True,False,False,True
470,21,4.2,2.9,2.5,69.7,6.4,1,1,60.4,1,0,2,False,False,False,False
399,17,3.1,3.6,0.4,80.0,6.6,3,3,59.6,0,1,2,True,False,False,True
625,18,1.3,2.1,1.2,84.7,8.1,5,2,46.6,0,0,2,False,False,False,True
320,24,4.6,1.8,1.5,80.9,8.2,5,9,94.2,1,0,0,False,False,False,True
19,19,1.8,2.5,2.4,71.1,7.5,1,2,45.3,1,0,1,True,False,False,False
809,21,5.2,2.8,3.2,88.7,5.4,0,7,89.5,2,1,2,False,False,False,True
790,22,0.8,3.9,2.4,62.9,5.5,0,5,31.5,1,2,2,True,False,False,False
808,22,3.2,0.3,4.0,67.3,5.3,3,1,43.9,2,0,2,True,False,True,False
407,24,4.3,3.3,3.0,79.4,6.3,5,6,67.3,1,0,0,True,False,False,True
537,23,2.5,0.9,2.2,80.0,3.6,5,8,58.9,2,1,1,False,False,True,False
620,20,1.4,3.5,1.6,85.8,6.4,2,1,39.8,1,0,1,False,False,False,False
38,17,3.8,1.7,1.4,70.3,7.0,0,1,58.1,0,1,2,True,False,False,False
175,22,3.0,3.2,0.3,100.0,5.0,3,7,65.3,2,2,2,False,True,False,False
245,22,2.4,4.1,0.0,80.5,6.1,1,3,47.9,1,1,1,False,False,False,True
828,23,2.5,1.1,3.9,86.1,4.0,6,8,58.2,1,1,2,False,False,False,False
667,20,5.6,2.4,2.3,94.7,7.0,6,10,100.0,1,0,1,False,False,False,True
754,18,0.8,3.3,0.2,85.7,7.1,4,9,51.8,2,1,0,False,False,False,False
858,18,4.5,2.0,1.2,82.2,6.3,5,5,84.4,1,0,2,True,False,True,True
154,21,3.5,3.3,1.4,66.8,7.4,1,3,65.0,1,1,2,True,False,False,False
287,21,4.4,2.2,0.9,75.7,8.8,6,4,84.2,2,0,0,True,False,False,True
602,20,3.6,3.6,0.9,72.7,5.9,2,10,72.9,0,0,1,False,False,False,True
569,23,6.3,1.9,0.0,93.4,6.2,6,3,100.0,1,0,2,True,False,False,True
743,21,4.1,2.9,0.8,80.0,5.8,6,2,76.4,2,0,2,False,False,True,True
17,24,3.4,2.7,1.2,94.7,7.5,0,1,70.8,0,0,1,False,False,False,True
127,17,4.3,2.2,1.6,71.6,9.4,5,7,88.0,2,1,2,False,False,False,False
322,20,6.1,4.9,1.4,68.7,5.3,0,10,96.1,2,1,2,True,False,False,False
255,19,4.9,2.8,1.6,84.6,5.2,4,7,85.0,2,0,1,False,False,False,False
657,19,2.4,2.9,1.7,88.8,5.8,1,9,67.4,1,1,1,False,False,False,True
964,23,3.5,2.3,2.1,84.3,7.6,5,10,89.1,2,0,0,False,True,False,True
190,23,1.7,3.8,1.2,82.3,7.9,6,5,55.4,0,2,2,True,False,False,False
115,20,3.7,1.2,3.3,88.5,7.7,5,9,82.7,0,0,2,False,False,False,False
616,17,2.6,2.2,0.0,83.3,7.0,1,10,79.3,1,1,2,True,False,False,False
606,23,6.8,2.5,0.7,97.2,4.4,1,4,93.1,2,1,0,True,False,False,False
180,21,3.7,3.3,2.6,100.0,7.5,5,5,69.2,1,0,2,False,False,True,False
301,17,1.7,3.4,3.9,97.0,6.6,3,6,41.7,2,0,1,True,False,True,False
759,23,2.8,4.1,1.7,90.2,5.2,1,6,54.9,1,1,1,False,False,True,True
712,17,3.0,0.0,0.6,99.5,7.8,4,10,98.7,1,1,1,True,False,True,False
723,17,2.6,3.0,0.8,78.3,6.9,4,2,53.2,2,1,1,False,False,False,False
685,22,2.0,1.2,2.7,67.2,6.7,6,8,55.4,0,1,1,False,False,False,False
979,22,1.3,2.2,1.8,76.1,5.0,6,10,53.4,2,0,0,True,False,False,False
517,22,5.8,0.6,1.6,73.9,5.8,6,6,100.0,1,1,2,False,False,False,False
984,24,3.2,3.0,0.1,97.5,6.8,6,7,82.4,1,0,1,True,False,False,False
45,20,3.6,3.1,1.1,93.9,8.4,1,5,75.1,1,1,1,True,False,False,True
909,22,4.9,3.3,3.0,79.5,7.0,5,1,71.8,1,1,1,False,False,False,False
157,18,3.0,1.8,0.7,100.0,5.5,4,3,56.7,0,1,0,True,False,False,False
851,18,2.4,4.1,0.3,100.0,5.1,5,8,67.4,0,1,2,False,False,False,False
171,21,5.3,2.4,0.1,85.5,5.5,0,3,85.8,2,1,2,False,False,False,True
16,20,1.0,0.6,0.2,92.9,5.6,3,8,55.2,0,0,0,True,False,False,True
511,18,2.9,3.2,2.8,100.0,5.9,5,2,63.0,1,0,1,False,True,False,False
48,22,1.4,2.1,2.8,90.6,8.4,3,6,52.6,1,1,2,False,False,False,False
971,23,3.5,2.5,1.8,56.0,6.1,5,6,64.5,2,0,1,False,False,False,False
940,20,4.1,1.7,0.1,68.8,7.2,0,4,67.5,2,2,1,False,True,True,False
515,19,3.0,0.1,1.9,86.1,7.7,6,6,82.5,2,0,0,False,False,False,True
952,21,3.6,2.1,3.5,62.3,5.7,1,9,65.6,0,0,1,False,False,True,False
480,20,3.5,4.7,1.3,81.2,5.0,5,1,55.9,2,0,2,True,False,True,False
283,23,1.6,3.3,3.5,73.0,8.1,6,1,47.1,2,0,2,True,False,True,False
718,24,1.0,2.9,0.1,76.2,5.8,4,6,49.9,0,1,2,False,False,False,False
877,18,2.7,2.7,1.6,76.6,4.0,0,3,36.9,2,0,1,False,False,False,False
225,18,3.9,1.6,1.2,64.3,7.5,0,9,74.3,2,2,1,False,False,False,True
26,22,2.0,0.8,0.5,83.8,6.5,4,4,73.5,2,1,0,True,False,False,False
954,19,4.6,3.0,3.6,82.7,7.7,5,1,66.0,2,2,2,True,False,False,True
437,24,6.6,2.8,2.9,84.3,8.0,1,8,100.0,2,0,2,False,False,False,False
951,20,3.3,2.2,0.9,76.7,8.7,5,10,94.0,2,1,0,False,False,False,False
364,23,2.9,3.6,1.2,82.9,6.2,1,2,45.9,1,0,1,True,False,False,False
229,21,2.4,3.7,2.0,94.7,5.8,4,3,52.4,2,0,2,True,False,False,True
37,17,4.3,2.5,0.0,64.1,3.9,0,2,59.4,2,0,1,True,False,True,False
965,17,4.3,3.4,0.6,59.8,6.6,5,6,77.3,1,2,1,True,False,False,True
374,17,2.8,2.0,4.1,82.3,6.3,4,6,57.3,1,0,2,True,False,True,False
469,20,4.8,1.9,1.1,85.1,8.1,1,8,96.1,1,1,2,True,False,False,True
967,22,5.2,4.1,3.8,95.6,5.9,0,6,76.1,1,0,2,True,False,False,False
850,23,1.1,2.4,1.8,83.9,7.7,5,4,49.2,2,0,1,False,False,False,True
704,21,5.5,3.0,1.4,92.9,5.2,6,2,76.3,1,0,2,False,False,False,True
841,24,3.3,1.5,1.8,81.4,6.9,5,6,62.6,1,0,1,True,False,True,False
194,23,2.6,4.0,1.1,89.4,6.9,0,10,66.6,2,0,2,True,False,False,False
854,23,4.7,1.8,1.7,68.7,6.4,2,5,70.0,1,0,1,False,False,False,False
864,20,0.0,0.3,1.1,88.0,5.4,1,10,53.3,1,0,1,False,False,True,True
503,24,2.6,1.4,2.1,84.4,7.1,0,7,63.0,1,0,1,False,False,True,False
969,19,4.6,2.0,3.6,81.1,6.8,5,4,83.0,1,1,1,False,False,True,False
830,21,4.7,4.3,0.0,91.3,9.1,5,5,83.5,2,1,2,False,False,False,False
579,18,6.1,3.5,0.3,69.8,5.7,3,9,100.0,2,0,1,False,False,True,True
968,22,4.6,2.6,1.0,76.1,6.1,3,4,74.6,2,0,1,False,False,False,False
162,24,3.4,3.0,0.1,77.3,6.8,5,7,83.8,1,2,1,False,False,False,False
908,23,5.6,2.8,0.5,92.2,9.4,4,8,100.0,1,1,2,False,False,True,False
152,17,5.6,2.8,4.1,85.8,6.8,4,7,90.3,2,0,2,False,False,False,False
801,22,3.9,1.8,3.9,99.1,6.9,1,4,65.5,1,2,2,False,False,False,False
993,20,3.8,2.1,1.0,89.0,5.2,1,7,70.9,2,0,2,True,False,False,False
755,22,2.7,4.7,1.7,67.5,5.7,2,9,59.3,0,2,2,True,False,True,False
111,23,4.4,1.9,0.8,84.8,8.3,1,3,76.9,2,0,1,False,False,False,False
226,21,5.5,2.2,0.9,84.1,5.0,3,1,88.7,1,1,2,True,False,True,False
688,23,5.0,1.8,1.6,100.0,5.7,6,7,92.9,2,0,0,True,False,False,False
103,20,2.1,1.2,3.1,88.8,7.5,4,3,50.4,2,2,1,True,False,False,False
421,18,5.2,3.0,3.3,76.0,4.6,3,10,87.1,2,0,0,False,False,False,True
419,22,2.3,4.6,0.6,93.9,6.2,6,5,58.7,2,2,2,True,False,False,False
750,24,6.1,1.9,0.2,97.6,5.9,6,6,98.5,0,1,0,False,False,False,False
586,22,5.0,2.8,0.0,92.5,6.1,3,7,83.5,1,0,0,False,False,True,True
780,17,4.0,3.7,2.2,89.5,7.8,0,10,89.4,0,0,1,False,False,False,True
672,22,4.9,4.4,2.9,94.0,5.6,2,3,69.4,1,1,2,False,False,False,False
119,21,3.0,3.1,2.4,73.8,8.3,4,7,66.3,1,0,1,False,False,True,False
53,20,4.8,2.0,3.5,100.0,6.0,0,7,70.6,2,1,2,False,False,False,True
151,19,4.7,4.7,2.3,90.1,4.6,1,6,69.7,2,0,2,False,False,False,False
403,17,4.8,2.8,3.1,92.7,6.4,1,6,74.9,1,0,2,False,False,False,False
945,23,6.0,2.9,2.1,98.9,6.4,0,7,100.0,0,0,1,True,False,True,False
207,20,2.1,0.5,2.0,80.9,7.3,3,6,62.3,0,1,2,False,False,False,True
658,20,3.2,3.0,1.4,96.2,4.3,3,8,74.8,2,2,2,False,False,True,False
843,23,3.0,4.8,2.3,92.0,6.3,4,3,60.6,1,2,0,False,False,True,False
762,21,1.9,2.3,1.4,84.0,5.1,4,4,51.8,1,0,0,True,False,False,False
8,23,4.4,2.2,1.7,100.0,7.1,3,1,78.9,2,1,2,False,False,False,False
807,17,3.3,1.8,0.0,70.3,4.7,2,7,65.2,0,0,1,False,False,False,True
36,20,3.5,3.0,2.6,74.9,7.3,3,4,70.7,1,0,2,False,False,False,False
452,22,4.8,2.3,1.6,71.7,7.5,4,6,89.3,2,1,2,True,False,True,False
651,24,3.7,1.7,2.3,57.6,6.2,0,7,75.7,2,2,1,False,False,True,False
253,21,6.7,1.4,0.9,100.0,8.0,4,2,93.8,1,1,2,True,False,False,False
303,22,2.2,1.0,2.9,93.4,6.9,6,6,63.7,2,0,2,False,False,False,False
746,19,1.1,2.0,3.3,74.9,7.4,3,7,42.6,2,1,2,True,False,False,False
571,19,3.0,4.5,0.9,59.7,7.1,1,4,51.5,1,2,2,True,False,False,True
623,18,4.6,1.2,0.5,92.8,8.2,4,4,93.0,2,2,2,False,False,False,False
732,17,2.8,3.4,0.9,67.7,7.0,3,9,62.6,0,2,1,True,False,False,False
891,23,2.2,1.6,2.0,85.3,6.5,5,4,65.6,2,0,1,True,False,True,True
262,21,3.0,2.2,2.3,76.5,6.1,2,3,49.1,0,2,1,True,False,False,False
610,21,3.6,2.3,2.9,100.0,4.6,2,3,69.6,1,2,2,False,False,False,False
297,23,4.1,2.8,1.4,82.4,3.5,2,3,60.1,2,2,1,False,False,False,False
414,19,4.2,5.6,0.4,91.1,9.8,0,5,78.7,0,1,0,False,False,False,True
150,19,3.5,2.1,0.5,84.8,6.1,4,2,64.2,2,1,1,True,False,True,False
788,24,5.2,2.3,1.5,80.5,5.9,6,3,82.8,1,2,0,True,False,False,False
640,22,6.4,2.7,0.3,78.3,5.8,0,7,98.0,2,0,1,False,False,True,False
889,17,3.7,3.9,2.2,68.3,5.8,0,8,66.6,1,0,2,True,False,True,False
550,17,5.2,1.5,0.2,86.3,6.2,5,7,97.9,2,0,1,False,False,True,False
886,17,3.5,3.9,2.6,73.9,5.5,4,2,65.6,1,0,2,False,False,False,True
488,17,5.3,2.5,2.7,83.2,5.8,3,6,93.4,2,1,1,True,False,True,True
147,19,3.5,2.3,2.2,74.3,6.7,3,5,78.1,1,1,0,False,False,False,True
146,19,3.5,3.2,2.4,85.8,8.0,2,9,75.5,0,1,2,False,False,False,False
720,18,4.9,0.0,2.1,95.1,5.0,3,5,94.2,2,1,1,False,False,True,False
931,20,4.0,3.4,3.4,78.0,5.5,3,7,68.8,0,1,1,False,False,True,True
739,20,3.1,2.8,2.2,85.2,7.4,6,9,74.1,0,1,2,True,False,False,True
659,18,2.0,0.2,0.5,67.6,8.1,4,10,73.6,2,1,1,True,False,False,True
348,24,3.6,0.9,2.4,100.0,5.8,2,3,72.3,0,1,1,False,False,False,False
463,17,2.5,4.2,1.9,88.1,4.8,1,1,44.5,1,2,2,True,False,True,False
325,22,4.9,3.5,1.2,77.2,7.4,0,4,75.4,2,0,2,False,False,False,False
186,18,0.0,1.9,1.5,82.4,5.6,3,8,55.2,1,1,1,False,False,False,False
123,23,4.9,1.3,2.8,80.8,7.2,1,4,77.0,2,1,1,False,False,False,False
853,19,2.1,0.8,2.0,85.9,7.3,6,10,68.4,2,2,2,False,False,False,True
608,20,3.7,1.9,2.5,81.3,6.6,2,5,61.1,1,1,2,False,False,False,True
143,24,2.4,2.8,0.7,99.8,8.1,3,2,62.0,1,0,2,True,False,False,False
958,18,0.0,3.8,1.3,89.5,5.7,5,5,31.1,2,0,1,True,False,True,False
197,20,4.1,2.7,0.0,89.5,6.5,0,9,87.1,1,2,1,False,False,False,True
609,24,4.3,2.3,1.2,68.3,6.1,5,5,77.4,0,0,0,True,False,False,False
279,18,4.6,0.6,2.1,90.0,4.5,1,8,85.9,0,0,2,False,False,False,False
293,18,7.4,1.6,1.2,94.6,5.7,5,10,100.0,1,1,2,False,False,False,True
400,24,3.5,1.3,2.1,79.9,7.3,0,2,60.4,1,1,2,True,False,False,False
122,18,4.6,3.9,0.0,83.6,9.7,3,2,84.8,0,0,2,True,False,False,False
183,19,5.3,1.9,3.2,93.2,6.1,1,4,85.7,1,0,1,False,False,False,True
202,23,3.7,0.7,0.0,78.1,6.6,1,9,85.1,1,0,1,True,False,False,False
438,23,3.5,3.9,2.2,89.3,6.3,2,5,66.8,1,2,1,True,False,False,True
246,17,1.4,0.9,2.6,83.0,4.4,3,8,51.0,0,1,2,True,False,True,False
415,17,3.4,1.2,2.1,88.8,5.3,4,4,68.3,1,0,1,True,False,True,True
932,17,4.4,2.4,1.7,78.5,5.9,0,5,76.8,1,1,1,False,False,False,False
765,19,2.1,2.8,1.4,82.8,6.3,1,3,44.1,0,2,1,True,False,True,False
906,18,0.0,4.6,2.0,70.1,8.7,3,10,43.4,1,1,1,False,False,True,False
835,20,5.1,2.6,1.8,83.4,6.5,6,10,100.0,1,0,1,False,False,False,False
887,22,3.5,2.1,4.9,97.0,7.2,5,9,75.9,2,0,0,True,False,False,False
129,20,0.3,4.2,1.5,83.0,6.2,1,3,26.8,2,0,1,True,False,False,True
637,23,2.3,0.4,2.0,81.3,5.9,6,1,70.3,1,0,2,False,False,False,True
402,19,0.0,1.4,0.0,81.5,6.7,5,8,50.1,2,0,2,True,False,False,True
784,18,4.4,2.9,1.3,80.7,7.2,5,10,91.3,1,0,2,True,False,False,False
770,21,1.7,3.5,2.5,94.7,6.0,5,10,53.0,2,1,2,False,False,False,False
735,19,2.9,7.2,2.9,85.5,5.7,1,6,50.1,1,0,2,True,False,True,False
913,18,3.8,4.5,1.6,79.3,5.3,3,4,53.5,2,0,2,True,False,True,False
219,23,6.2,2.8,1.0,84.9,7.0,5,4,100.0,1,2,2,False,False,False,False
641,22,3.4,5.7,0.0,86.9,5.3,6,6,74.7,2,1,0,True,False,False,False
915,22,3.0,4.7,1.9,80.3,5.6,0,8,61.0,1,0,1,False,False,False,False
752,18,4.5,1.6,2.9,72.3,4.4,3,4,71.3,2,0,2,True,False,True,True
806,24,3.2,2.9,2.1,85.2,4.6,1,2,40.3,2,1,2,False,False,False,True
919,24,2.8,2.2,1.5,67.0,8.5,3,7,74.7,2,0,2,False,False,False,True
624,21,3.6,1.9,2.3,74.5,6.1,5,8,83.2,2,1,1,False,False,False,True
874,18,5.1,2.6,0.9,96.0,7.0,0,10,96.6,1,2,1,True,False,False,False
760,20,0.5,1.6,3.8,81.0,7.7,4,3,30.2,2,0,1,True,False,True,True
386,19,2.0,0.8,2.6,95.8,6.0,0,4,45.2,2,0,0,False,False,False,False
972,17,4.5,0.4,3.0,100.0,5.5,3,8,91.9,1,0,2,False,False,False,False
509,18,4.3,3.3,2.2,82.8,5.4,6,3,64.6,0,0,1,False,False,False,False
267,24,1.8,2.4,3.3,92.7,8.7,3,10,53.3,1,1,2,False,False,True,False
819,17,4.1,2.7,0.6,74.6,3.6,0,3,67.3,1,1,2,True,False,False,False
441,24,5.6,3.2,1.0,62.5,6.6,4,8,82.7,1,1,1,False,False,False,False
496,19,3.8,1.2,1.8,86.1,4.7,6,7,73.9,2,0,1,False,False,False,False
112,24,1.9,1.7,2.8,96.2,4.9,1,6,43.9,1,1,0,False,False,False,True
691,22,6.2,3.5,2.3,94.5,8.2,5,8,100.0,1,1,2,False,False,False,False
232,20,6.5,0.7,1.7,77.3,6.3,4,3,100.0,2,2,1,False,False,False,False
869,22,2.8,2.5,2.7,86.4,6.3,4,10,74.6,1,2,1,True,False,True,False
607,24,3.2,3.0,3.2,83.0,6.3,3,8,57.5,0,1,1,False,False,False,True
671,22,3.8,1.4,1.2,81.2,6.7,2,3,70.4,2,0,1,False,True,False,True
373,24,3.3,1.4,0.4,75.2,6.5,0,7,72.9,0,1,2,True,False,False,True
981,24,3.6,0.0,3.6,66.3,9.6,3,2,66.2,1,1,1,True,False,False,False
842,17,2.3,2.0,1.8,85.3,7.5,1,10,71.4,1,1,1,False,False,False,False
233,20,3.7,1.7,1.7,73.7,7.0,3,10,80.8,1,2,0,False,False,False,True
785,17,2.9,1.1,2.8,100.0,7.8,3,8,68.4,0,0,1,False,False,False,False
676,20,1.8,4.8,3.2,95.4,5.0,4,5,37.4,2,1,2,False,False,False,False
317,17,4.1,4.2,0.0,70.2,6.9,1,8,80.4,2,0,1,True,False,False,True
648,24,1.1,3.6,2.5,96.7,8.4,3,10,54.6,2,0,2,False,False,False,True
410,19,4.7,2.5,1.5,82.3,6.0,6,1,78.0,1,0,1,False,False,False,False
898,23,3.9,1.1,2.9,86.8,7.0,1,10,75.7,1,2,1,False,False,False,False
709,24,2.9,4.0,2.9,67.6,8.7,4,5,56.4,0,0,2,False,True,False,True
358,17,2.0,2.2,3.2,98.2,5.1,5,5,56.3,2,0,1,False,False,False,False
258,24,5.8,3.0,0.4,66.5,3.2,2,8,90.8,1,0,1,False,False,False,False
744,19,3.3,0.7,3.6,75.5,6.1,3,3,52.6,0,0,2,False,False,False,True
627,22,2.4,0.9,0.8,92.5,8.3,2,9,78.3,1,1,1,True,False,False,False
632,21,3.3,2.0,2.1,87.7,6.8,1,9,75.4,0,1,0,True,False,False,True
282,22,3.8,0.9,2.0,79.9,6.2,1,10,79.7,1,0,2,True,False,True,False
376,20,4.3,3.7,2.5,76.9,5.0,3,4,65.7,0,0,2,False,False,False,False
384,21,2.6,5.4,3.3,87.2,8.0,1,9,59.8,2,0,0,False,False,False,False
224,18,4.6,2.5,3.0,87.7,6.7,5,6,72.7,1,1,0,False,False,False,False
953,20,2.0,1.0,0.1,81.5,6.4,5,7,61.7,1,0,1,False,False,False,False
814,20,3.5,3.6,2.2,84.5,7.6,3,7,75.1,1,0,1,True,False,False,False
472,19,2.5,2.7,1.5,82.9,6.0,3,3,56.1,0,1,1,False,False,False,False
347,20,4.9,4.0,1.7,91.0,7.7,0,3,77.0,1,2,1,False,True,False,False
505,17,3.5,0.9,0.4,78.7,6.3,3,5,72.9,1,0,1,False,False,False,True
639,24,3.5,2.9,0.7,65.4,7.9,3,2,62.9,0,0,2,False,False,False,False
987,20,2.3,1.6,1.7,85.8,5.6,1,9,56.2,1,0,1,False,False,True,False
928,22,2.8,0.2,3.1,79.3,6.5,5,2,65.6,2,0,1,False,False,False,False
905,18,2.6,2.9,1.1,73.0,5.8,5,1,53.9,2,1,0,True,False,True,True
619,19,2.5,3.1,1.7,70.5,4.8,1,4,45.1,2,0,2,True,False,False,False
855,21,3.2,3.7,1.2,59.9,6.0,6,2,56.1,1,0,2,False,False,False,False
803,17,4.5,1.2,2.6,86.0,5.3,0,6,76.3,2,1,2,False,False,False,True
645,21,1.1,0.4,2.4,95.2,6.8,2,1,46.3,2,0,1,False,False,True,True
846,18,3.5,3.1,0.0,89.6,6.6,3,5,75.5,1,1,2,True,False,False,True
556,24,4.0,3.3,5.4,81.2,7.6,6,6,79.0,1,1,0,False,False,False,False
957,17,2.0,1.6,0.0,69.8,7.0,5,4,49.1,2,0,1,False,False,False,False
577,22,1.9,2.9,1.6,87.6,6.1,4,1,44.4,1,1,2,False,False,True,True
795,23,5.6,4.6,1.1,85.4,5.4,5,6,89.7,2,0,0,True,False,False,True
85,19,1.7,2.6,2.6,77.6,7.0,4,6,53.5,2,1,2,True,False,False,False
242,20,5.3,1.8,2.0,83.8,8.4,1,5,91.5,2,1,2,False,False,False,False
698,18,3.9,3.9,1.0,77.2,5.6,4,9,71.5,1,0,0,False,False,False,False
159,20,3.2,1.2,4.4,81.5,7.4,3,9,77.9,2,1,1,False,False,False,False
524,18,1.7,2.9,2.5,84.6,6.0,0,7,39.9,2,1,1,False,False,False,True
35,21,4.2,1.7,0.0,84.2,6.5,1,3,72.6,2,1,1,False,False,True,False
540,23,4.0,3.0,3.0,83.2,7.7,3,6,74.7,2,1,1,False,False,False,True
170,24,5.8,2.1,2.8,74.7,9.3,1,6,96.6,1,1,2,True,False,False,False
654,22,3.1,4.7,0.4,79.5,6.2,4,9,71.5,2,2,2,False,False,False,False
890,23,4.7,0.9,1.0,83.9,4.7,5,3,84.5,1,0,1,True,False,True,False
857,19,0.5,0.0,2.6,86.4,5.8,5,8,45.0,0,2,0,True,False,True,True
847,18,2.3,0.6,1.1,100.0,6.2,0,9,73.5,1,1,2,True,False,False,False
944,21,1.7,1.6,1.7,61.0,6.7,5,8,67.9,1,1,2,False,False,False,True
733,24,3.3,2.8,0.0,98.3,7.3,2,6,70.6,1,1,2,True,False,False,False
95,22,1.7,2.9,2.0,97.5,6.0,0,6,50.2,2,0,2,True,False,False,False
563,23,4.4,4.3,0.0,100.0,6.1,3,2,70.1,1,2,1,True,False,True,False
240,18,1.9,1.6,2.3,72.0,6.3,6,3,51.2,1,2,0,True,False,False,False
742,18,5.3,1.8,3.6,88.6,5.7,4,1,71.0,1,1,1,False,False,False,True
574,23,4.7,4.9,2.7,86.4,8.4,6,2,89.6,0,1,1,False,True,False,False
690,18,2.5,1.8,1.2,88.3,6.9,1,6,70.5,1,0,1,True,False,True,False
460,18,3.7,3.3,0.3,87.4,6.6,6,5,72.3,1,0,2,True,False,True,False
553,20,4.8,0.8,0.0,81.2,8.1,5,1,88.0,2,0,1,False,False,False,False
888,20,3.0,3.0,1.7,79.0,7.4,4,8,69.8,1,1,2,False,True,True,True
206,24,3.5,1.9,1.2,95.3,6.5,6,10,92.6,0,1,1,True,False,False,True
392,24,2.2,4.7,2.2,89.8,8.2,0,3,45.2,2,0,0,False,False,False,False
794,17,2.6,1.4,1.2,83.6,8.5,5,7,80.3,0,1,1,False,False,False,False
397,22,2.3,2.5,1.9,96.9,6.2,4,10,71.9,1,1,2,False,False,True,True
766,21,0.0,2.4,2.9,85.6,3.8,3,8,30.5,0,0,1,True,False,False,False
848,23,4.5,3.8,1.3,83.6,7.3,3,6,74.6,1,0,0,False,True,False,False
217,21,5.1,0.9,0.7,79.7,5.5,6,3,87.0,1,0,2,False,True,False,False
4,19,5.0,4.4,0.5,90.9,4.9,3,1,66.4,1,2,2,False,False,False,False
768,20,5.2,4.4,0.5,81.6,6.2,1,4,74.0,1,0,0,False,False,False,False
642,24,2.4,2.9,0.5,71.5,6.8,5,2,50.4,1,0,2,False,False,False,True
929,17,5.7,2.7,1.4,79.0,7.7,0,8,89.8,2,2,1,False,False,False,True
612,20,2.6,2.3,0.9,80.1,7.0,0,9,69.3,1,2,2,True,False,False,False
738,21,4.3,2.2,2.3,71.8,7.6,2,5,76.0,1,0,2,False,True,False,True
546,21,4.5,2.7,1.2,85.8,5.4,2,1,62.9,2,2,2,True,False,True,True
725,21,3.9,1.9,2.4,75.8,5.7,2,2,64.0,2,1,1,False,False,False,False
683,20,3.6,1.1,0.3,83.5,6.2,4,4,77.2,1,0,2,False,False,True,False
98,22,2.4,0.0,3.1,92.2,4.8,3,7,63.9,2,1,2,True,False,False,True
804,22,4.3,4.0,1.1,88.4,4.4,2,2,59.0,2,0,1,False,False,True,True
727,19,4.1,4.2,1.6,70.2,3.3,2,7,57.4,2,0,2,True,False,False,False
573,18,3.0,1.4,2.0,83.6,8.2,5,3,67.2,1,1,2,True,False,False,False
406,22,3.6,1.3,2.1,68.0,6.3,2,10,82.4,0,1,2,False,False,False,True
502,21,0.3,3.2,2.2,88.4,7.1,3,4,34.0,0,0,1,False,False,False,True
47,23,2.5,2.9,2.7,83.5,7.0,4,8,59.7,2,0,2,False,False,False,True
32,20,2.6,4.9,4.3,82.1,6.9,3,7,52.1,2,1,2,False,True,False,False
779,19,3.6,2.0,1.0,80.7,7.1,6,10,85.6,2,1,1,False,False,True,False
839,21,2.4,2.3,2.2,72.0,7.5,6,3,63.9,2,2,1,True,False,False,False
200,23,3.5,1.3,0.5,89.8,7.8,2,7,81.9,1,1,2,False,False,False,False
134,23,3.6,1.5,0.5,73.2,7.2,2,3,70.7,1,1,2,True,False,False,False
27,18,3.2,2.2,2.8,88.1,4.8,5,3,71.1,1,1,1,True,False,True,False
880,21,2.5,3.2,2.0,76.9,4.1,1,6,41.6,1,1,2,True,False,False,False
230,22,4.2,0.3,0.1,80.0,7.9,3,9,100.0,0,0,0,True,False,False,True
489,21,7.4,3.6,1.3,91.6,7.1,3,6,100.0,2,0,2,False,False,False,True
772,17,2.8,1.4,2.8,77.3,8.3,5,7,73.0,0,2,0,False,False,False,False
378,18,1.7,1.0,1.7,78.4,7.8,6,6,63.6,2,1,2,True,False,False,False
288,17,5.4,1.6,1.4,100.0,7.1,3,5,95.5,1,0,1,True,False,False,False
418,24,2.4,2.8,0.9,79.6,4.0,4,3,54.7,2,0,1,False,False,False,True
674,20,2.6,2.2,0.7,91.6,7.3,2,6,63.6,0,0,0,False,False,False,False
391,19,3.2,0.2,0.1,87.2,7.2,4,3,72.6,2,0,1,False,False,True,False
592,21,2.5,1.9,3.2,83.2,6.5,5,3,60.1,1,2,1,False,False,True,False
498,17,2.0,2.7,2.0,91.9,6.7,6,8,71.7,2,0,1,False,False,False,False
138,23,3.9,3.3,0.5,87.0,8.5,3,2,64.1,1,2,1,True,False,False,False
62,21,4.5,3.4,3.3,93.1,7.1,6,10,94.7,2,0,2,True,False,True,False
471,24,2.2,3.1,1.1,96.5,6.9,0,4,33.8,1,1,0,False,False,False,False
647,17,4.3,1.5,0.0,88.9,4.6,6,4,84.2,0,0,1,False,False,False,False
128,20,1.8,1.8,1.1,92.4,6.7,0,2,48.7,2,0,2,True,False,False,False
976,24,3.7,3.6,1.7,97.6,5.7,0,10,77.4,2,1,2,False,False,False,True
520,24,4.1,3.3,0.6,78.7,5.1,2,1,62.7,2,1,2,False,False,True,False
838,20,3.3,2.9,3.6,88.1,5.2,4,8,60.3,1,1,1,True,False,False,True
962,22,3.5,3.1,2.9,85.4,6.5,0,6,55.1,2,2,1,True,False,True,False
64,23,3.2,1.7,2.1,80.8,5.2,3,4,68.6,2,0,0,True,False,False,True
812,17,4.5,0.9,2.2,84.8,5.9,0,1,70.6,2,1,2,False,False,False,False
14,24,2.4,1.5,0.7,87.4,6.7,6,9,78.9,0,1,1,True,False,False,False
156,23,1.9,3.5,1.7,71.1,6.3,0,8,57.7,1,0,2,True,False,True,False
40,19,3.7,4.7,2.0,98.8,8.5,6,2,69.7,2,1,2,False,False,False,False
492,17,3.8,3.1,2.3,77.3,8.1,2,6,67.8,2,0,2,True,False,False,False
379,17,0.0,2.6,1.6,82.4,7.4,5,3,32.9,2,0,1,True,False,False,False
187,23,4.9,1.5,3.5,84.3,6.8,0,4,73.8,1,1,1,True,False,False,False
763,18,3.9,2.4,0.0,91.1,5.5,3,1,59.5,2,0,0,True,False,True,True
216,20,2.5,2.1,1.5,90.2,5.6,6,1,60.3,1,0,1,False,False,False,True
791,24,5.4,3.4,0.9,82.7,6.2,1,9,92.3,1,1,2,True,False,False,False
52,19,2.4,3.6,3.6,86.9,7.0,6,1,48.4,1,0,1,False,False,False,False
878,21,3.5,1.3,1.8,60.6,4.8,4,2,60.0,1,1,2,True,False,True,False
337,19,5.3,2.2,1.7,92.0,5.2,2,5,93.1,1,0,2,True,False,False,False
748,17,1.7,2.0,2.4,79.4,6.5,5,8,45.7,2,0,1,False,False,False,False
719,20,2.3,2.3,1.6,76.9,8.7,0,9,68.9,1,0,2,True,False,True,False
724,17,3.5,0.0,1.7,84.5,7.5,4,4,70.5,0,0,1,True,False,False,True
295,20,0.9,4.3,4.1,90.1,6.1,6,4,27.6,2,0,1,False,False,False,False
701,24,4.7,3.1,0.9,74.9,4.9,4,9,96.4,2,0,1,True,False,False,True
251,17,4.3,4.3,1.4,87.1,7.9,1,2,65.2,1,2,1,False,False,False,False
726,19,2.3,1.9,0.0,85.1,7.5,6,7,77.4,1,1,0,True,False,True,True
461,21,1.3,3.4,2.2,92.3,5.0,6,5,49.7,1,2,0,False,False,False,False
455,19,8.3,3.3,2.6,86.6,6.5,5,9,100.0,1,0,1,True,False,True,False
996,17,2.9,1.0,2.4,86.0,6.8,1,6,65.9,0,0,1,False,False,True,True
815,21,2.9,2.6,2.0,72.7,5.6,1,1,43.5,0,2,2,False,False,False,False
862,18,5.5,2.0,0.0,90.1,6.2,5,1,93.7,2,0,0,False,False,False,False
269,19,3.1,2.1,3.0,93.3,8.4,4,8,85.6,2,1,1,False,False,False,False
201,24,4.4,0.9,0.0,92.3,5.8,3,8,96.5,1,0,2,True,False,False,False
161,17,4.3,3.4,0.8,73.8,6.6,6,7,76.8,2,0,1,False,True,False,False
555,24,3.4,0.0,1.6,95.2,5.4,3,10,83.4,2,0,1,True,False,False,True
729,20,3.5,3.0,2.7,70.6,5.4,5,7,66.7,1,0,2,True,False,False,False
401,20,2.4,2.6,1.0,77.0,6.0,2,3,48.3,2,0,2,True,False,False,True
702,17,4.7,1.2,1.8,81.6,6.0,1,3,83.1,1,2,2,True,False,False,False
476,17,2.1,2.7,1.4,77.4,4.3,5,4,39.9,2,2,2,False,False,False,True
821,20,1.4,4.0,3.6,81.7,7.1,3,4,35.4,2,2,0,True,False,False,False
771,21,4.2,2.0,3.5,88.0,6.5,5,9,84.6,2,0,1,False,False,False,False
105,18,1.4,3.9,3.9,68.1,8.0,4,4,32.8,2,0,1,True,False,True,True
565,18,5.1,2.5,2.4,90.3,5.0,0,6,79.3,0,2,2,False,False,False,False
389,17,5.3,5.0,1.8,84.9,4.8,2,8,79.6,0,0,1,True,False,False,False
1,20,6.9,2.8,2.3,97.3,4.6,6,8,100.0,2,0,1,False,False,False,False
937,21,1.9,3.2,1.2,75.9,6.0,6,5,41.7,2,1,2,False,False,False,False
982,20,3.8,2.4,2.2,91.5,8.6,2,10,88.0,1,0,2,False,False,True,False
561,19,3.1,1.9,3.7,78.5,7.9,0,10,66.6,2,1,2,False,True,False,True
80,23,2.9,2.6,1.8,64.0,9.1,6,8,70.7,2,0,2,True,False,False,False
205,21,3.3,4.3,3.9,90.4,6.4,0,4,56.4,1,0,2,False,True,False,False
34,22,1.1,2.7,0.1,100.0,7.7,1,4,51.2,1,0,2,False,False,False,False
775,21,1.2,4.3,2.2,74.6,8.2,2,4,36.2,1,1,1,True,False,False,False
508,24,4.8,3.2,1.6,92.6,7.4,4,1,76.6,1,1,0,True,False,False,True
427,20,2.9,2.3,0.8,75.7,7.3,5,8,75.1,1,1,2,False,False,True,False
454,21,3.2,3.2,2.6,78.0,4.2,5,1,46.7,1,1,0,True,False,True,False
366,22,6.3,3.0,1.6,93.6,7.7,2,6,94.8,0,0,1,True,False,False,True
91,20,4.8,4.3,2.1,80.6,4.7,5,2,63.4,1,0,1,False,False,False,False
339,20,4.4,2.9,1.4,92.8,6.6,6,4,77.9,1,2,2,False,False,False,True
897,20,4.8,2.7,2.3,93.2,6.6,1,1,70.8,2,0,2,True,False,False,True
564,20,2.1,4.9,1.1,92.0,8.0,3,4,61.5,2,0,1,True,False,False,False
345,23,2.8,1.5,0.3,91.6,6.7,3,4,71.6,1,1,0,True,False,False,False
776,17,3.9,1.8,3.2,93.6,8.2,0,4,65.6,0,0,1,True,False,False,False
241,23,4.3,2.7,2.4,66.5,5.0,5,3,60.6,1,1,0,True,False,True,False
13,19,3.4,2.7,2.7,89.3,4.7,4,10,75.8,1,1,2,False,False,False,False
315,24,4.5,3.4,0.4,79.6,6.1,5,10,98.8,1,0,0,False,False,False,False
600,21,6.0,3.3,2.2,74.4,5.4,0,8,90.2,1,0,1,True,False,False,True
387,23,4.0,1.8,3.4,87.1,8.1,1,9,82.9,2,1,0,True,False,False,True
273,24,2.6,2.3,1.7,85.6,5.7,1,1,45.5,1,1,2,True,False,False,True
166,24,2.1,1.2,1.8,87.5,5.1,1,7,66.7,1,0,1,True,False,False,False
840,23,2.5,0.2,0.9,89.5,7.5,3,6,80.0,2,0,2,True,False,True,True
992,18,3.5,0.0,1.9,96.8,6.4,3,3,71.8,1,1,0,True,False,False,False
646,21,3.9,2.4,1.8,100.0,6.2,2,3,68.4,0,0,1,False,False,False,False
818,20,2.3,3.2,2.4,83.0,4.2,6,1,48.5,1,1,0,True,False,False,True
484,21,1.9,1.2,0.9,85.3,5.1,2,7,56.9,1,1,2,False,False,False,True
980,20,3.7,3.5,2.5,93.0,5.2,6,10,81.0,0,0,2,False,False,False,True
504,23,5.4,3.1,3.1,79.0,4.2,1,4,77.9,1,1,2,False,False,False,False
831,21,4.6,3.2,1.3,84.2,6.8,5,1,77.6,0,0,1,False,False,False,True
243,17,4.6,2.2,1.7,85.2,7.6,2,8,87.3,1,1,1,False,False,False,False
566,18,2.7,3.7,2.3,86.7,7.0,5,4,63.9,0,0,2,True,False,False,True
875,19,7.6,3.0,2.9,99.4,4.8,0,3,100.0,0,0,2,False,False,False,False
562,23,4.6,1.2,0.0,63.1,6.4,3,6,91.7,2,0,1,False,False,False,False
686,22,5.4,1.8,3.0,75.6,6.9,0,1,69.9,1,0,1,False,False,True,False
189,22,3.2,2.0,1.6,78.2,5.6,2,7,60.5,1,0,1,True,False,False,True
782,24,3.9,3.3,1.1,90.6,8.6,0,3,56.0,1,0,2,False,False,True,False
699,19,3.9,2.7,1.6,92.1,6.0,3,9,77.8,1,1,1,True,False,False,False
475,24,2.9,3.8,2.1,79.8,6.4,6,5,52.1,2,1,2,True,False,False,True
681,21,0.7,0.7,1.0,81.7,9.3,6,3,51.5,0,0,1,True,False,False,False
510,17,3.1,1.7,2.9,71.5,5.6,0,3,51.1,2,1,1,True,False,True,True
58,19,2.2,5.0,1.0,78.4,7.5,5,2,46.4,0,2,1,False,False,False,True
474,19,3.0,4.5,2.3,79.7,7.0,6,5,52.6,1,1,2,True,False,True,False
560,20,4.3,4.8,2.9,83.7,7.7,3,9,79.8,1,0,2,False,False,True,False
856,19,3.1,0.7,1.3,88.0,7.6,2,6,81.5,1,0,0,False,False,True,True
747,23,1.8,1.1,0.3,85.5,6.4,2,6,49.8,2,0,1,True,False,False,False
252,20,4.2,1.2,4.0,75.8,6.5,1,10,85.3,1,0,2,False,False,False,False
21,21,5.6,2.1,2.4,95.6,7.2,1,3,82.5,1,0,2,True,False,False,False
313,23,3.5,0.8,0.6,89.2,7.7,0,4,84.2,2,0,2,False,False,False,False
459,19,5.2,4.2,2.8,93.0,7.5,2,7,77.9,0,0,2,False,False,True,False
160,23,3.6,3.0,2.0,93.9,5.1,0,5,65.2,1,2,1,True,False,False,False
276,17,3.1,2.3,2.4,83.2,5.9,4,4,61.5,1,0,2,True,False,True,True
955,19,2.7,2.8,1.4,92.2,10.0,3,8,86.9,0,0,1,False,False,True,False
191,19,0.8,3.2,1.4,84.9,8.3,1,6,45.1,2,2,1,True,False,False,False
385,24,4.2,3.0,2.1,73.0,6.5,4,2,64.2,0,1,0,True,False,False,False
805,20,3.6,2.2,2.2,75.1,6.0,3,10,76.1,1,1,1,False,False,False,True
413,17,1.5,2.4,2.0,85.3,5.6,3,9,60.3,0,0,1,True,False,True,False
491,21,4.0,4.3,2.4,84.8,8.3,0,2,53.0,2,0,2,False,False,False,False
343,18,3.5,1.8,1.9,85.8,6.6,0,9,85.0,1,0,2,False,True,False,False
769,17,6.4,3.7,2.0,64.1,5.1,6,4,98.8,1,0,2,True,False,False,False
308,24,1.7,3.3,1.3,94.7,5.8,6,6,61.5,1,2,2,True,False,False,True
661,19,3.6,3.5,2.1,82.2,5.8,3,10,62.5,2,1,0,True,False,False,False
130,20,4.1,4.6,3.4,85.3,5.5,5,10,81.6,0,1,2,False,False,False,False
663,22,2.5,0.8,2.0,89.6,8.6,4,6,75.6,1,0,2,False,False,False,False
871,24,2.0,1.7,0.2,81.4,7.3,3,8,66.5,0,2,2,True,False,True,True
99,21,3.4,2.7,3.4,100.0,6.6,1,6,65.6,2,0,2,True,False,False,False
372,18,4.0,3.2,1.7,77.4,6.4,6,3,68.4,1,0,2,False,False,False,False
87,17,2.3,0.9,1.0,69.0,6.2,1,2,47.2,1,2,1,True,False,False,True
458,19,2.9,3.0,3.1,70.9,5.4,5,3,59.0,2,2,2,True,False,False,False
330,17,2.7,2.5,1.4,95.9,6.6,6,2,52.2,2,2,1,True,False,False,False
214,19,5.7,3.8,0.0,100.0,8.8,3,7,100.0,1,0,1,True,False,False,False
466,24,2.8,4.2,0.9,90.3,6.1,2,10,59.7,2,1,1,False,False,False,False
121,21,3.3,1.7,1.8,85.2,7.7,0,2,60.5,0,0,2,True,False,False,False
614,22,2.4,1.9,0.0,75.3,6.5,6,1,53.9,2,0,2,False,False,False,False
20,22,3.8,2.3,2.9,83.0,6.4,3,1,58.5,2,2,2,False,False,False,False
700,18,3.3,1.9,1.3,100.0,7.0,0,6,67.7,0,1,0,False,False,False,True
71,18,1.4,3.4,0.0,89.9,4.6,0,10,55.1,1,0,0,False,False,False,True
106,22,3.3,0.4,0.8,83.3,9.1,6,4,82.3,2,0,2,True,False,False,True
270,22,4.0,3.2,2.3,96.6,6.0,4,3,63.0,2,0,2,True,False,True,True
860,20,3.6,3.9,4.2,100.0,8.3,1,8,65.6,0,0,0,False,False,False,True
435,24,2.0,0.0,3.1,73.7,6.3,6,3,58.3,2,0,1,True,False,False,True
102,18,4.3,4.0,0.8,100.0,7.5,0,1,60.8,1,0,1,True,False,False,False
