,student_id,age,gender,study_hours_per_day,social_media_hours,netflix_hours,part_time_job,attendance_percentage,sleep_hours,diet_quality,exercise_frequency,parental_education_level,internet_quality,mental_health_rating,extracurricular_participation,exam_score
29,S1029,20,Female,2.0,3.2,3.8,Yes,82.6,6.7,Poor,6,High School,Poor,10,Yes,75.7
535,S1535,22,Female,6.4,4.2,1.5,Yes,88.8,6.1,Fair,0,High School,Good,6,No,85.0
695,S1695,20,Female,2.5,1.9,1.6,No,93.6,7.0,Good,4,Bachelor,Good,8,No,68.5
557,S1557,22,Male,3.8,3.6,4.3,No,100.0,7.3,Poor,1,Bachelor,Poor,7,Yes,69.9
836,S1836,19,Male,3.5,2.8,0.0,No,92.0,3.8,Fair,5,,Poor,5,Yes,58.7
596,S1596,21,Male,3.3,2.7,1.9,No,98.2,8.3,Fair,3,Bachelor,Poor,1,No,66.1
165,S1165,17,Male,0.5,3.3,2.3,No,90.0,6.8,Fair,4,High School,Good,5,No,39.0
918,S1918,20,Male,3.3,2.8,1.4,Yes,71.2,6.5,Poor,5,Bachelor,Average,7,No,71.9
495,S1495,23,Male,3.1,3.5,2.2,No,78.8,3.4,Fair,0,Master,Good,7,No,49.9
824,S1824,24,Other,4.9,0.5,2.1,No,85.3,7.5,Poor,0,,Average,4,No,83.9
65,S1065,18,Female,3.3,4.1,0.7,No,80.5,5.7,Poor,0,Master,Good,8,No,69.6
141,S1141,17,Male,5.0,1.3,0.8,No,95.4,5.4,Good,6,Bachelor,Good,7,No,96.2
925,S1925,19,Other,1.7,2.9,1.6,Yes,97.3,8.7,Good,1,,Good,7,No,53.6
827,S1827,18,Female,4.3,2.6,1.2,No,71.0,8.5,Good,5,Bachelor,Average,9,No,87.5
655,S1655,21,Female,2.2,3.5,0.0,No,82.5,5.1,Poor,0,Bachelor,Average,7,No,57.6
331,S1331,17,Male,7.3,1.7,1.6,No,79.5,7.7,Fair,6,,Average,2,Yes,100.0
664,S1664,17,Male,3.8,2.4,1.1,No,83.1,5.0,Fair,4,High School,Good,4,No,64.4
249,S1249,19,Female,3.1,1.1,4.1,No,65.4,5.6,Good,3,High School,Good,10,Yes,58.4
907,S1907,19,Female,3.3,2.5,2.1,No,63.8,5.5,Fair,1,High School,Average,3,No,55.4
708,S1708,24,Male,1.9,3.1,2.0,No,92.6,5.3,Good,4,,Poor,6,No,53.2
305,S1305,21,Female,4.4,3.6,0.3,No,76.6,5.4,Fair,2,High School,Good,5,Yes,87.5
734,S1734,18,Female,3.4,3.1,1.4,No,100.0,6.8,Poor,4,Bachelor,Good,5,No,75.2
975,S1975,18,Female,2.6,3.0,1.4,No,84.1,8.1,Fair,6,Bachelor,Average,3,No,66.7
49,S1049,22,Female,6.1,2.5,2.3,No,100.0,5.8,Poor,5,High School,Average,1,No,96.5
896,S1896,22,Male,2.8,1.8,3.4,Yes,74.0,5.1,Good,6,High School,Average,5,No,58.4
2,S1002,21,Male,1.4,3.1,1.3,No,94.8,8.0,Poor,1,High School,Poor,1,No,34.3
544,S1544,17,Female,4.1,2.8,1.6,No,100.0,7.3,Poor,6,Bachelor,Average,7,No,87.9
350,S1350,20,Male,1.8,3.1,3.1,No,72.8,5.3,Good,3,High School,Average,8,No,54.0
904,S1904,19,Female,3.9,0.7,0.7,Yes,88.6,5.7,Poor,1,High School,Poor,1,Yes,73.0
536,S1536,24,Male,2.0,3.8,1.2,No,81.3,6.7,Good,1,Bachelor,Good,7,Yes,40.4
344,S1344,19,Male,3.2,1.2,1.2,No,78.6,6.6,Fair,2,High School,Poor,10,Yes,81.7
994,S1994,20,Female,1.6,1.3,2.9,No,75.3,5.6,Good,0,High School,Average,5,No,41.7
481,S1481,22,Female,5.6,2.2,1.6,No,65.2,8.3,Good,0,Master,Poor,7,No,84.6
575,S1575,22,Male,1.1,1.9,1.7,No,92.3,7.6,Fair,4,Master,Good,3,Yes,48.3
33,S1033,18,Female,4.0,0.9,1.1,No,99.5,5.8,Poor,2,,Average,5,No,70.7
31,S1031,17,Other,1.5,3.1,2.6,Yes,96.2,8.0,Fair,4,Bachelor,Average,3,Yes,51.3
231,S1231,20,Female,2.5,1.4,0.9,No,83.5,6.3,Good,6,Bachelor,Good,8,No,73.1
963,S1963,23,Female,3.1,2.1,2.0,No,95.9,4.7,Poor,0,High School,Good,2,No,53.3
192,S1192,17,Female,4.3,3.3,2.3,No,86.5,5.5,Poor,4,Master,Good,6,No,69.4
333,S1333,19,Male,3.8,4.2,1.2,No,92.2,7.1,Good,1,High School,Good,10,No,72.3
3,S1003,23,Female,1.0,3.9,1.0,No,71.0,9.2,Poor,4,Master,Good,1,Yes,26.8
204,S1204,20,Male,5.3,1.7,1.0,No,79.3,5.9,Fair,0,Bachelor,Good,3,Yes,78.4
514,S1514,18,Female,5.9,1.3,1.7,No,80.6,6.2,Fair,5,High School,Good,1,Yes,87.1
799,S1799,19,Female,3.8,1.2,2.0,No,82.2,7.1,Good,2,Bachelor,Average,2,Yes,66.3
306,S1306,20,Female,6.0,1.6,1.3,No,92.5,8.1,Fair,5,Bachelor,Average,9,No,100.0
109,S1109,23,Female,5.4,2.4,2.5,No,95.7,6.0,Fair,2,High School,Good,2,No,77.5
430,S1430,17,Male,1.9,4.0,3.0,No,98.6,6.2,Poor,0,Bachelor,Average,7,Yes,35.7
77,S1077,20,Female,2.7,1.4,0.4,No,82.6,7.8,Fair,1,Bachelor,Poor,1,No,57.2
84,S1084,23,Female,2.5,4.4,1.6,No,84.4,6.8,Fair,5,Bachelor,Average,4,No,51.3
286,S1286,17,Female,2.7,2.9,1.7,No,82.8,6.4,Fair,4,Master,Average,1,No,46.6
82,S1082,21,Female,2.6,4.9,0.0,Yes,86.6,6.3,Fair,6,High School,Poor,4,No,60.2
991,S1991,20,Male,6.0,2.1,3.0,No,86.7,5.1,Good,2,High School,Good,3,No,85.3
789,S1789,23,Male,3.4,0.5,0.4,No,72.9,7.9,Fair,4,Bachelor,Good,4,No,78.0
894,S1894,20,Male,1.5,4.6,0.7,Yes,82.6,7.0,Good,1,Bachelor,Good,4,Yes,45.4
398,S1398,24,Male,5.7,2.9,1.7,No,77.3,6.4,Good,0,Master,Good,2,Yes,69.1
323,S1323,18,Male,2.9,1.6,1.7,No,100.0,6.1,Good,0,Bachelor,Good,10,No,70.2
519,S1519,18,Male,2.9,2.2,1.7,Yes,99.0,5.3,Good,2,Bachelor,Average,7,No,71.2
916,S1916,18,Male,4.4,3.4,1.4,No,91.1,6.5,Good,1,High School,Good,7,No,69.1
922,S1922,17,Male,1.3,0.1,3.6,No,82.0,5.8,Poor,5,Master,Average,2,Yes,44.3
5,S1005,24,Male,7.2,1.3,0.0,No,82.9,7.4,Fair,1,Master,Average,4,No,100.0
731,S1731,17,Male,3.5,0.0,2.4,No,92.2,6.2,Good,4,Master,Poor,1,No,63.6
465,S1465,23,Male,5.1,1.5,0.8,No,81.0,5.5,Fair,6,,Good,4,No,83.2
97,S1097,20,Male,4.1,2.0,1.0,No,90.4,5.4,Good,5,Bachelor,Average,6,No,80.9
266,S1266,20,Female,6.6,3.2,2.1,No,86.5,9.3,Fair,5,Master,Average,4,Yes,100.0
357,S1357,24,Male,4.4,0.0,2.3,No,75.8,7.0,Fair,2,Bachelor,Average,1,No,81.9
868,S1868,23,Male,3.8,1.9,3.6,No,96.8,5.5,Fair,6,Master,Good,2,No,77.8
798,S1798,17,Female,5.1,3.9,3.0,No,79.3,7.2,Good,1,Bachelor,Average,10,No,90.6
380,S1380,24,Male,3.5,1.6,2.2,No,69.9,9.3,Good,0,Bachelor,Average,6,No,67.7
631,S1631,20,Female,3.7,1.8,1.3,No,91.9,6.3,Fair,6,Master,Good,10,No,80.9
381,S1381,22,Female,6.2,1.0,3.4,No,82.8,5.9,Poor,4,Bachelor,Good,10,No,100.0
490,S1490,24,Female,4.4,1.4,2.2,No,94.6,5.5,Good,3,Master,Good,2,Yes,63.6
118,S1118,24,Female,3.8,3.3,1.9,No,72.8,6.9,Poor,3,Bachelor,Good,2,Yes,58.3
900,S1900,21,Male,4.8,2.9,2.6,No,66.0,7.6,Poor,0,Master,Average,6,Yes,82.1
250,S1250,22,Male,5.5,3.5,1.1,Yes,81.3,7.0,Good,2,High School,Average,10,No,100.0
523,S1523,23,Other,4.0,3.4,3.2,No,83.0,6.6,Good,5,High School,Average,1,No,61.7
9,S1009,18,Female,4.8,3.1,1.3,No,95.4,7.5,Good,5,Bachelor,Good,10,Yes,100.0
196,S1196,18,Male,2.7,2.1,1.9,No,88.9,8.7,Good,4,High School,Poor,5,No,64.5
603,S1603,22,Female,1.1,1.7,2.7,No,94.5,5.3,Fair,3,,Average,3,No,35.8
81,S1081,20,Other,3.2,3.2,5.0,No,100.0,6.7,Good,5,High School,Poor,2,No,57.6
783,S1783,20,Male,3.0,2.3,0.0,No,66.0,7.5,Good,2,High School,Good,9,No,77.9
587,S1587,19,Male,4.3,1.1,2.0,No,78.9,7.5,Good,4,Master,Average,5,No,71.4
797,S1797,23,Male,8.2,2.2,1.5,No,83.1,5.7,Poor,2,Master,Good,5,Yes,100.0
239,S1239,24,Male,2.5,2.6,1.4,No,100.0,6.2,Poor,0,Master,Poor,6,No,52.5
290,S1290,17,Male,4.0,1.4,1.3,No,80.7,4.8,Fair,2,,Poor,8,No,75.9
211,S1211,23,Female,6.1,1.8,0.5,No,82.9,6.1,Good,6,Bachelor,Good,3,Yes,98.3
717,S1717,20,Female,3.2,1.7,2.1,Yes,96.3,6.9,Good,1,Master,Average,4,Yes,66.3
359,S1359,19,Male,6.3,1.5,0.0,No,83.3,7.3,Good,5,Bachelor,Good,2,Yes,100.0
449,S1449,22,Female,3.1,4.0,1.3,No,85.2,8.0,Fair,6,High School,Good,8,Yes,74.0
227,S1227,22,Female,5.8,1.4,1.9,No,85.2,4.7,Good,4,Bachelor,Average,8,Yes,96.6
950,S1950,19,Female,2.7,1.1,3.1,No,77.6,4.7,Fair,5,High School,Average,2,No,50.8
946,S1946,21,Female,2.1,0.9,1.5,No,91.7,5.6,Fair,3,Bachelor,Good,1,Yes,55.0
796,S1796,21,Male,0.3,3.6,1.7,No,95.2,6.7,Poor,3,Bachelor,Average,4,Yes,33.6
501,S1501,21,Female,3.3,1.4,1.0,No,96.8,6.2,Good,0,Bachelor,Poor,5,No,74.9
464,S1464,20,Male,6.3,3.0,3.9,Yes,73.1,6.9,Fair,2,Master,Average,5,No,85.3
362,S1362,17,Female,3.2,2.9,0.7,No,92.0,6.1,Fair,5,Master,Poor,5,No,67.9
468,S1468,21,Female,3.6,2.0,0.1,No,76.5,7.1,Good,0,Bachelor,Good,2,Yes,66.8
935,S1935,17,Male,3.4,4.0,0.7,Yes,87.1,7.3,Poor,1,Master,Good,2,No,62.0
428,S1428,17,Female,2.3,1.5,3.2,No,83.1,8.2,Good,1,High School,Average,3,No,52.4
7,S1007,21,Female,4.3,1.0,2.0,Yes,77.7,4.6,Fair,0,Bachelor,Average,8,No,72.6
155,S1155,18,Male,1.5,3.0,2.3,No,77.9,6.6,Fair,3,High School,Good,10,No,57.3
541,S1541,18,Female,4.2,3.8,3.4,Yes,84.8,5.4,Good,2,High School,Good,5,No,67.4
440,S1440,17,Male,3.2,0.2,0.9,No,100.0,6.9,Fair,4,Bachelor,Good,5,No,76.1
482,S1482,21,Male,3.4,1.5,0.7,No,79.3,7.1,Fair,1,,Poor,1,No,67.0
422,S1422,22,Female,2.0,2.4,3.9,No,66.9,4.1,Fair,3,High School,Good,2,Yes,29.5
778,S1778,24,Male,5.1,0.5,1.4,No,88.9,4.1,Good,4,Bachelor,Average,8,No,100.0
949,S1949,21,Female,4.4,0.3,2.1,No,100.0,5.5,Fair,4,Bachelor,Good,4,No,84.5
334,S1334,22,Female,5.8,1.0,2.4,No,97.9,6.1,Fair,4,,Average,9,No,100.0
576,S1576,21,Male,1.9,2.1,1.3,No,91.4,5.6,Fair,3,High School,Good,10,No,61.7
934,S1934,24,Male,5.1,1.5,3.2,No,78.6,7.0,Poor,5,High School,Poor,8,Yes,89.3
567,S1567,24,Male,4.7,4.1,3.0,No,71.2,4.9,Good,3,Bachelor,Poor,10,Yes,93.1
594,S1594,20,Male,4.3,2.4,1.0,Yes,97.9,7.2,Good,3,High School,Average,6,No,88.0
530,S1530,17,Male,4.4,1.3,2.4,No,87.9,5.5,Good,2,Master,Good,8,Yes,80.9
581,S1581,17,Male,3.2,3.1,2.4,No,91.3,6.7,Fair,3,High School,Average,3,No,68.5
707,S1707,24,Male,5.2,1.4,3.6,No,98.6,5.7,Good,4,Bachelor,Average,6,No,92.0
448,S1448,23,Female,4.0,3.6,0.3,No,93.4,7.0,Good,6,High School,Good,10,Yes,91.9
453,S1453,22,Female,3.4,2.5,2.2,No,63.2,7.4,Poor,1,Master,Good,4,No,63.4
228,S1228,17,Male,3.5,3.6,2.7,No,92.9,8.4,Fair,3,High School,Average,8,Yes,72.6
352,S1352,17,Male,2.4,3.2,3.7,No,78.9,8.2,Good,5,Bachelor,Good,4,Yes,47.0
728,S1728,21,Other,2.8,2.0,2.0,No,80.1,5.6,Fair,2,,Average,3,Yes,59.9
212,S1212,21,Male,1.4,2.7,3.4,No,92.5,4.7,Poor,1,Bachelor,Average,2,Yes,29.7
79,S1079,20,Male,5.9,3.3,2.8,Yes,79.9,5.5,Good,3,Master,Average,7,No,91.6
148,S1148,17,Female,5.1,3.1,3.7,No,94.6,6.4,Fair,1,Master,Good,7,No,85.2
302,S1302,19,Female,3.2,3.1,2.0,No,86.8,5.6,Fair,5,High School,Poor,9,No,74.5
628,S1628,23,Male,4.0,2.0,2.0,No,85.3,6.5,Fair,4,Master,Good,2,Yes,70.7
777,S1777,24,Other,4.2,2.2,0.3,Yes,89.0,6.8,Poor,3,High School,Good,10,Yes,87.5
506,S1506,24,Female,2.0,3.5,2.6,No,76.5,4.8,Good,6,Master,Good,5,No,53.2
342,S1342,19,Male,2.3,2.1,1.8,No,77.2,5.0,Fair,5,High School,Average,3,No,54.7
485,S1485,22,Female,4.1,1.6,0.6,No,73.1,5.5,Fair,5,High School,Good,1,No,77.5
711,S1711,18,Male,3.2,3.1,2.0,No,100.0,5.4,Good,4,High School,Average,7,No,70.9
133,S1133,21,Female,4.8,1.5,2.2,No,87.9,5.9,Fair,4,Bachelor,Poor,2,Yes,78.4
703,S1703,24,Male,0.9,3.3,1.6,Yes,87.3,6.5,Poor,6,Bachelor,Good,5,No,37.9
311,S1311,23,Female,2.6,5.3,1.7,Yes,69.4,7.3,Good,5,Bachelor,Average,10,No,67.0
722,S1722,20,Male,1.6,1.8,0.0,No,98.8,6.4,Good,3,Bachelor,Good,5,No,58.6
629,S1629,23,Male,5.5,2.7,3.2,Yes,91.9,7.3,Fair,6,High School,Good,1,No,82.6
0,S1000,23,Female,0.0,1.2,1.1,No,85.0,8.0,Fair,6,Master,Average,8,Yes,56.2
316,S1316,19,Female,3.3,2.2,2.9,Yes,80.3,9.7,Good,0,High School,Poor,9,No,76.1
706,S1706,20,Female,5.0,1.5,2.2,No,56.7,5.5,Poor,2,Master,Average,4,No,83.6
547,S1547,20,Male,6.3,2.5,3.3,No,85.4,6.1,Fair,6,High School,Good,5,No,95.6
872,S1872,18,Female,4.2,3.0,0.5,No,100.0,6.0,Fair,3,,Average,4,No,78.4
532,S1532,17,Male,4.8,2.5,3.1,Yes,81.7,7.1,Fair,5,High School,Good,5,Yes,83.0
477,S1477,24,Male,4.1,3.6,2.2,No,93.8,6.9,Poor,5,High School,Poor,8,No,84.0
404,S1404,24,Male,4.6,1.4,2.9,Yes,74.5,5.4,Good,6,Bachelor,Average,7,Yes,85.6
172,S1172,19,Male,3.2,0.7,3.5,No,74.3,7.1,Good,5,High School,Good,5,No,68.3
125,S1125,24,Male,1.5,3.1,3.5,No,95.5,7.4,Fair,0,High School,Average,3,No,44.0
394,S1394,19,Female,3.2,1.5,0.0,No,79.6,8.1,Good,5,Bachelor,Good,10,No,92.0
420,S1420,18,Female,3.8,2.9,4.1,Yes,68.7,9.1,Fair,4,Master,Good,3,No,70.8
552,S1552,21,Female,0.2,3.1,2.1,Yes,77.9,7.0,Good,5,Master,Good,4,Yes,31.5
903,S1903,23,Female,3.3,1.9,2.2,No,79.1,6.2,Fair,4,High School,Average,7,No,70.9
90,S1090,24,Male,4.0,2.3,2.5,No,74.7,7.8,Fair,6,Bachelor,Good,1,No,77.8
939,S1939,18,Female,4.7,3.2,1.9,No,75.2,5.4,Good,3,,Good,6,No,71.0
181,S1181,23,Male,3.5,3.0,1.5,Yes,79.1,5.5,Good,0,Bachelor,Average,9,No,67.4
274,S1274,17,Female,3.2,2.8,4.3,No,86.1,7.7,Fair,4,High School,Average,4,Yes,58.6
895,S1895,20,Female,2.3,1.5,2.0,No,83.8,5.6,Fair,3,Bachelor,Average,6,No,57.0
69,S1069,22,Male,6.8,3.7,1.8,No,72.3,7.5,Poor,6,Master,Average,5,No,100.0
291,S1291,19,Female,6.1,1.5,0.4,No,89.2,7.0,Poor,1,Bachelor,Average,9,No,100.0
131,S1131,21,Female,7.2,3.7,0.0,No,100.0,7.8,Good,6,High School,Good,9,No,100.0
300,S1300,17,Female,3.3,2.6,3.7,No,71.0,5.7,Poor,6,High School,Good,4,Yes,61.6
424,S1424,24,Male,4.1,3.8,1.9,Yes,84.5,7.6,Fair,1,Bachelor,Poor,10,No,73.0
326,S1326,19,Male,1.4,2.0,3.5,No,87.7,6.3,Fair,1,Bachelor,Good,8,No,41.7
144,S1144,24,Male,4.3,4.9,3.0,No,75.1,8.4,Fair,5,Master,Good,9,Yes,74.0
423,S1423,19,Female,3.6,4.0,0.5,No,82.3,4.7,Good,1,High School,Poor,1,No,53.2
580,S1580,22,Female,3.3,3.0,1.0,No,90.0,8.5,Good,5,Master,Average,4,No,73.0
135,S1135,21,Male,3.4,3.1,0.6,No,82.8,4.7,Fair,4,Bachelor,Good,8,No,74.3
450,S1450,22,Female,3.1,3.3,1.8,No,98.5,6.5,Fair,2,Bachelor,Average,8,No,62.7
164,S1164,18,Male,3.6,2.5,3.0,No,95.3,5.8,Poor,3,High School,Average,2,Yes,63.1
28,S1028,24,Male,4.3,2.0,2.8,Yes,78.4,8.1,Good,5,High School,Poor,3,Yes,82.8
773,S1773,20,Male,3.3,3.6,2.6,No,100.0,6.2,Fair,2,High School,Poor,2,Yes,57.1
193,S1193,23,Male,4.6,0.9,1.9,No,86.0,4.8,Good,4,Master,Good,6,No,81.3
388,S1388,17,Male,4.6,3.7,0.6,No,87.0,5.9,Good,3,High School,Average,4,Yes,73.2
852,S1852,21,Male,2.3,1.0,0.7,No,67.5,5.2,Good,6,Bachelor,Good,9,No,72.5
169,S1169,22,Male,4.4,3.5,2.7,Yes,87.0,7.8,Fair,2,Bachelor,Good,1,No,62.4
705,S1705,21,Female,1.0,2.1,1.0,No,79.4,8.7,Fair,1,Bachelor,Average,8,Yes,52.6
140,S1140,24,Male,2.5,3.8,2.2,No,85.4,5.0,Good,6,High School,Good,8,No,63.4
173,S1173,20,Female,5.7,2.1,2.4,No,85.8,5.6,Fair,3,Master,Good,4,Yes,83.8
6,S1006,21,Female,5.6,1.5,1.4,Yes,85.8,6.5,Good,2,Master,Poor,4,No,89.8
745,S1745,18,Female,4.2,3.4,1.4,No,81.6,6.8,Good,2,Master,Average,4,No,74.0
478,S1478,17,Female,6.6,1.3,1.7,No,77.9,6.9,Good,5,High School,Good,3,Yes,97.7
73,S1073,18,Female,7.4,3.6,3.9,No,83.6,5.5,Fair,3,High School,Average,7,Yes,97.7
910,S1910,19,Male,4.9,1.0,2.4,No,100.0,6.6,Fair,1,,Average,10,No,89.2
813,S1813,20,Female,3.8,4.9,1.9,No,75.2,6.3,Poor,5,High School,Average,6,No,65.5
238,S1238,19,Male,5.3,2.7,4.3,No,90.5,6.9,Fair,1,Bachelor,Poor,4,Yes,74.2
145,S1145,23,Female,2.2,6.2,3.0,No,86.4,6.9,Good,1,,Good,4,No,46.7
792,S1792,21,Female,2.1,3.1,4.2,No,86.4,5.2,Fair,1,Bachelor,Poor,9,Yes,50.1
234,S1234,20,Male,3.0,2.4,4.0,No,88.1,5.4,Poor,5,High School,Good,5,No,62.9
220,S1220,19,Female,4.5,1.3,4.2,No,86.4,6.3,Fair,0,High School,Average,10,No,82.1
923,S1923,23,Male,0.1,1.2,0.0,No,78.7,7.6,Poor,5,High School,Good,9,No,53.4
500,S1500,23,Male,5.5,1.1,1.4,No,84.4,4.9,Fair,0,Bachelor,Good,6,No,84.5
132,S1132,17,Female,3.5,2.6,3.2,Yes,84.8,7.5,Fair,5,Bachelor,Average,5,Yes,74.0
990,S1990,18,Male,3.2,3.5,1.7,No,91.7,6.5,Good,1,Master,Good,5,No,63.6
774,S1774,18,Female,7.5,3.6,1.9,Yes,85.9,7.8,Fair,6,Bachelor,Average,3,No,100.0
185,S1185,21,Female,1.3,3.8,3.6,Yes,80.6,6.7,Fair,5,Bachelor,Good,5,No,40.4
41,S1041,23,Female,2.9,2.3,2.3,No,86.2,7.2,Good,6,Bachelor,Average,1,No,66.0
696,S1696,23,Other,5.6,1.6,0.3,No,86.5,6.0,Fair,5,Master,Good,6,No,100.0
108,S1108,22,Female,2.4,1.9,2.1,No,93.3,6.6,Poor,4,High School,Average,9,Yes,60.0
588,S1588,20,Other,3.8,3.0,3.4,No,76.4,7.8,Fair,1,High School,Average,2,No,61.5
56,S1056,24,Male,2.5,2.0,0.0,No,83.9,5.3,Good,6,Bachelor,Average,8,No,66.7
405,S1405,20,Female,3.1,2.0,1.9,No,89.3,6.4,Good,2,High School,Good,10,Yes,65.4
442,S1442,17,Female,2.5,1.7,4.1,No,91.1,7.6,Poor,5,,Average,7,No,65.0
757,S1757,19,Female,2.6,3.3,2.4,No,74.5,7.1,Fair,0,Master,Good,3,Yes,44.5
997,S1997,20,Male,3.0,2.6,1.3,No,61.9,6.5,Good,5,Bachelor,Good,9,Yes,64.4
24,S1024,20,Female,2.0,0.0,0.9,Yes,81.8,5.5,Fair,4,Bachelor,Average,2,No,54.9
467,S1467,17,Male,5.4,3.3,2.6,No,85.9,7.1,Fair,6,High School,Good,8,No,98.1
539,S1539,18,Male,3.8,4.1,1.6,No,100.0,7.2,Good,4,,Good,6,Yes,81.0
531,S1531,24,Female,2.8,2.2,2.7,No,87.5,5.9,Good,0,,Good,1,Yes,47.4
618,S1618,23,Male,2.9,2.4,0.0,No,84.4,6.2,Good,0,Bachelor,Average,1,Yes,61.4
694,S1694,18,Male,5.0,4.0,1.4,No,77.6,4.6,Fair,6,High School,Poor,10,No,88.6
926,S1926,21,Male,2.7,2.4,2.7,No,81.7,8.8,Fair,5,High School,Good,4,Yes,58.8
338,S1338,20,Female,5.0,3.4,1.6,Yes,80.9,6.0,Good,2,Bachelor,Average,1,Yes,67.7
51,S1051,22,Female,2.5,3.2,0.5,No,85.7,6.5,Poor,0,High School,Average,5,No,59.7
507,S1507,19,Female,2.7,1.0,2.4,No,79.6,7.6,Fair,1,,Poor,1,No,57.3
516,S1516,24,Male,5.3,2.9,1.9,No,100.0,5.2,Good,3,Bachelor,Poor,5,Yes,80.9
920,S1920,21,Male,3.5,3.9,2.5,Yes,62.8,6.7,Good,3,,Good,10,No,74.5
781,S1781,19,Female,2.9,1.9,3.2,No,82.4,6.4,Fair,4,Bachelor,Good,6,No,66.9
264,S1264,19,Male,1.9,0.7,0.0,No,81.7,5.8,Good,1,Master,Poor,4,No,51.5
817,S1817,19,Female,4.9,1.5,3.4,No,71.4,6.9,Good,6,High School,Good,7,Yes,88.2
710,S1710,23,Male,1.8,1.7,0.3,No,78.9,7.2,Fair,5,High School,Good,1,No,58.1
682,S1682,23,Female,2.7,4.3,2.9,No,88.9,4.8,Poor,4,,Average,8,No,53.4
832,S1832,19,Male,5.3,2.6,0.0,Yes,87.1,8.5,Fair,5,High School,Average,9,Yes,98.4
518,S1518,24,Female,5.0,2.6,3.1,No,94.8,4.7,Poor,0,Bachelor,Good,5,No,79.6
447,S1447,22,Female,5.9,0.0,3.0,No,100.0,6.3,Fair,2,High School,Good,1,Yes,93.6
18,S1018,24,Other,2.0,4.9,2.9,Yes,88.3,7.1,Good,2,High School,Good,5,No,43.9
715,S1715,24,Male,5.6,1.4,3.1,No,85.8,6.1,Good,0,Master,Good,10,No,91.3
483,S1483,22,Male,4.2,1.7,1.8,No,73.2,6.2,Fair,3,Bachelor,Poor,2,No,76.0
568,S1568,23,Male,4.1,1.6,0.5,No,80.2,7.8,Poor,5,High School,Poor,7,Yes,89.8
433,S1433,24,Female,4.9,2.6,0.2,No,100.0,6.0,Good,1,Bachelor,Average,3,Yes,89.3
367,S1367,18,Male,5.8,3.2,4.1,No,90.5,7.9,Poor,6,Bachelor,Good,8,No,99.3
83,S1083,24,Male,2.0,0.6,3.0,No,89.0,7.7,Poor,6,High School,Good,2,Yes,50.5
61,S1061,23,Male,4.0,1.7,2.6,No,100.0,5.0,Fair,4,Bachelor,Good,5,No,75.0
638,S1638,18,Female,5.1,2.1,0.7,Yes,75.2,6.7,Fair,1,Master,Good,10,Yes,99.4
272,S1272,24,Male,4.8,2.5,2.4,Yes,74.7,6.4,Good,6,High School,Good,1,No,76.2
285,S1285,19,Female,2.5,2.8,0.5,Yes,85.1,6.5,Poor,0,,Poor,6,Yes,60.6
360,S1360,20,Female,5.3,2.7,2.4,Yes,85.8,5.4,Good,4,High School,Good,6,No,81.0
354,S1354,24,Male,3.4,2.3,2.3,No,100.0,6.2,Good,1,High School,Good,1,No,47.6
456,S1456,22,Female,3.9,1.6,0.7,Yes,86.0,4.6,Good,5,Master,Poor,1,No,68.7
278,S1278,17,Female,4.2,2.0,0.4,No,88.6,5.4,Fair,2,Master,Good,8,Yes,93.9
12,S1012,19,Female,3.7,2.1,0.4,Yes,81.1,4.5,Fair,1,Bachelor,Good,9,No,76.9
182,S1182,22,Male,4.2,3.1,0.7,No,69.2,7.2,Good,1,Master,Poor,10,No,79.9
368,S1368,19,Female,2.8,5.0,0.0,Yes,82.4,4.2,Fair,3,Bachelor,Good,8,No,71.0
881,S1881,22,Male,2.9,2.7,2.6,Yes,86.8,4.7,Fair,3,Master,Average,1,No,45.5
615,S1615,19,Female,1.5,2.2,2.3,No,89.1,7.9,Fair,0,Bachelor,Average,1,No,43.7
223,S1223,20,Female,2.6,2.4,2.9,No,73.7,4.6,Fair,4,Master,Average,1,No,41.9
572,S1572,17,Male,3.5,3.2,0.0,No,82.7,5.0,Good,4,High School,Good,3,No,60.4
970,S1970,24,Female,4.2,2.4,1.5,No,83.2,5.1,Fair,3,Bachelor,Average,9,Yes,85.9
653,S1653,21,Female,4.8,2.1,1.9,No,100.0,6.8,Fair,1,High School,Good,8,No,82.6
545,S1545,24,Female,3.1,3.8,2.1,No,89.5,4.1,Fair,5,Master,Average,4,Yes,54.1
582,S1582,20,Male,3.6,2.6,2.2,No,72.6,3.3,Fair,1,High School,Good,8,No,61.0
633,S1633,17,Male,4.5,1.4,1.5,No,75.0,8.0,Good,2,Master,Good,2,Yes,83.7
176,S1176,19,Male,2.6,3.1,0.3,No,84.6,7.1,Good,6,High School,Average,5,Yes,77.5
665,S1665,21,Female,4.2,4.5,3.1,No,84.0,6.6,Good,2,High School,Average,9,No,75.3
673,S1673,22,Male,3.9,2.2,0.2,No,85.4,6.7,Poor,3,Master,Average,6,Yes,84.9
585,S1585,23,Male,3.9,2.1,1.6,No,78.4,6.4,Good,3,High School,Good,1,No,62.8
873,S1873,17,Female,4.3,1.3,0.0,No,82.7,4.9,Fair,1,High School,Good,7,No,84.9
393,S1393,24,Male,2.3,3.0,4.6,No,67.5,6.6,Fair,3,Bachelor,Average,9,No,51.8
163,S1163,20,Male,4.2,4.5,2.1,No,85.7,5.6,Poor,2,Master,Good,5,No,70.6
248,S1248,17,Female,3.0,3.5,1.6,No,95.4,6.4,Fair,3,High School,Good,3,No,54.1
634,S1634,18,Female,3.8,2.5,1.8,No,85.0,6.3,Poor,5,High School,Average,8,No,76.8
885,S1885,21,Male,5.2,0.0,1.3,No,87.7,8.7,Fair,6,High School,Poor,8,No,100.0
669,S1669,23,Male,3.5,2.1,2.3,No,87.2,4.5,Good,1,Bachelor,Good,9,No,69.9
375,S1375,20,Male,1.1,2.1,3.6,Yes,97.3,8.0,Fair,6,Bachelor,Average,1,Yes,50.3
412,S1412,22,Female,3.9,2.1,2.2,No,65.0,5.1,Good,2,High School,Average,9,No,73.7
74,S1074,21,Female,2.3,1.0,0.4,No,100.0,6.4,Fair,6,,Good,1,No,66.9
113,S1113,22,Male,3.0,2.5,2.6,No,83.1,5.5,Fair,0,Bachelor,Average,4,No,51.3
598,S1598,20,Female,5.9,1.1,2.1,Yes,83.4,5.7,Poor,2,Master,Average,2,Yes,86.4
961,S1961,17,Female,4.7,1.8,1.6,No,95.8,5.1,Good,2,Master,Good,10,No,81.1
390,S1390,19,Female,3.3,0.6,1.2,Yes,79.8,5.9,Good,2,High School,Good,10,No,73.0
104,S1104,18,Male,3.8,3.3,2.5,No,90.0,7.6,Good,5,Bachelor,Good,7,No,74.3
114,S1114,23,Female,5.3,1.2,0.8,No,92.3,8.2,Fair,2,High School,Average,1,No,83.3
417,S1417,18,Female,5.2,3.7,1.1,No,96.6,7.4,Fair,2,Bachelor,Average,9,Yes,100.0
525,S1525,23,Male,5.3,2.9,0.9,No,91.6,5.0,Good,4,High School,Poor,4,No,84.1
457,S1457,24,Male,2.4,2.6,1.5,No,86.5,5.7,Good,3,High School,Good,4,No,58.9
409,S1409,22,Male,2.7,2.2,2.8,No,100.0,6.6,Fair,2,High School,Average,3,No,53.0
92,S1092,18,Male,0.5,0.8,2.5,Yes,97.9,4.1,Poor,4,High School,Good,3,No,43.9
930,S1930,23,Male,4.0,0.3,0.6,No,78.4,7.8,Good,1,Master,Good,7,No,89.5
89,S1089,18,Male,1.2,3.6,0.0,No,72.7,6.6,Poor,4,High School,Average,4,Yes,41.1
336,S1336,21,Female,6.6,2.2,2.7,No,73.0,6.4,Good,2,Bachelor,Poor,8,Yes,100.0
988,S1988,18,Male,3.3,2.4,1.2,No,67.5,4.1,Fair,4,Bachelor,Average,8,Yes,72.5
921,S1921,23,Female,4.4,2.7,1.0,No,79.8,6.1,Fair,6,,Average,3,No,85.4
933,S1933,17,Female,1.8,3.0,2.0,No,81.1,4.9,Good,1,High School,Average,10,No,47.5
605,S1605,19,Male,2.2,3.5,1.8,No,100.0,3.3,Good,6,Bachelor,Good,8,No,67.6
593,S1593,20,Female,0.8,2.3,1.3,Yes,83.9,5.5,Poor,3,Bachelor,Good,6,No,34.7
611,S1611,18,Male,6.0,1.6,1.3,No,89.7,5.5,Fair,6,High School,Poor,7,No,100.0
94,S1094,22,Female,5.3,1.0,2.2,No,72.6,4.5,Fair,0,High School,Average,8,No,81.3
11,S1011,23,Male,3.9,2.4,2.5,No,71.7,7.9,Fair,2,Bachelor,Average,1,No,74.4
396,S1396,24,Male,4.9,0.0,2.5,Yes,87.6,6.0,Fair,5,Master,Average,1,No,97.2
533,S1533,17,Male,1.5,2.3,3.0,No,86.2,5.7,Fair,1,High School,Good,10,No,54.2
43,S1043,24,Female,4.3,0.9,3.2,No,62.8,7.1,Poor,0,Bachelor,Good,2,No,65.7
42,S1042,18,Male,3.7,3.4,2.0,No,88.9,6.8,Fair,3,High School,Poor,1,Yes,63.5
329,S1329,24,Male,5.4,0.2,0.0,No,76.8,6.7,Fair,4,Bachelor,Average,8,No,100.0
167,S1167,23,Male,3.3,2.0,1.2,Yes,85.8,6.9,Poor,0,High School,Good,7,No,72.2
497,S1497,20,Male,5.5,3.6,0.0,No,81.5,4.9,Fair,1,,Average,5,No,80.3
876,S1876,18,Male,4.1,2.1,2.4,No,87.2,5.5,Fair,4,High School,Good,10,No,83.1
597,S1597,23,Male,4.9,1.6,4.0,No,87.1,8.0,Fair,5,Bachelor,Poor,7,No,95.5
756,S1756,18,Male,2.3,2.3,1.7,No,88.3,6.2,Good,4,Bachelor,Good,4,No,58.5
100,S1100,23,Male,4.3,3.0,1.5,No,100.0,7.5,Good,5,,Average,10,Yes,93.2
426,S1426,17,Male,3.8,0.9,1.0,No,85.6,5.9,Good,5,Bachelor,Good,8,No,80.9
178,S1178,17,Other,2.9,2.5,2.4,Yes,83.7,6.3,Poor,5,,Good,9,No,65.2
444,S1444,20,Male,2.8,1.8,2.7,No,79.1,9.0,Poor,4,Master,Average,1,Yes,64.9
416,S1416,21,Male,1.1,4.3,0.9,No,86.7,4.9,Fair,3,High School,Average,9,No,49.9
870,S1870,21,Other,4.7,0.0,2.7,Yes,62.0,5.4,Good,1,High School,Good,3,No,67.5
882,S1882,19,Other,2.7,1.8,0.0,No,72.5,6.5,Fair,4,Bachelor,Poor,7,No,68.2
680,S1680,24,Other,3.3,2.9,1.1,No,83.3,7.8,Poor,6,,Good,4,No,70.4
177,S1177,19,Male,3.0,2.6,1.6,No,71.0,5.5,Fair,0,Master,Average,7,Yes,55.0
395,S1395,20,Male,4.1,3.1,1.8,No,82.5,4.9,Fair,4,High School,Good,8,No,77.8
911,S1911,21,Male,5.4,4.5,1.0,No,75.1,7.1,Fair,2,,Good,4,No,83.9
793,S1793,20,Female,2.5,4.3,2.4,No,84.5,8.6,Fair,3,Master,Good,3,No,49.4
960,S1960,17,Male,7.1,1.9,1.1,Yes,69.3,5.6,Good,6,High School,Average,6,No,100.0
684,S1684,17,Male,3.7,2.8,3.6,No,81.8,3.6,Fair,3,Bachelor,Good,4,Yes,59.8
383,S1383,21,Male,2.8,2.1,0.6,No,90.4,6.4,Good,2,High School,Poor,9,Yes,71.0
956,S1956,20,Female,3.2,2.3,1.5,No,71.0,5.0,Good,6,High School,Good,3,No,59.6
751,S1751,21,Female,6.8,2.9,2.0,No,80.0,5.4,Fair,0,High School,Average,7,No,96.2
257,S1257,22,Female,3.9,2.9,2.0,No,79.1,7.6,Fair,3,Master,Good,7,No,71.0
538,S1538,21,Male,4.3,3.2,2.8,No,83.3,4.3,Poor,2,High School,Poor,6,No,67.5
335,S1335,24,Male,6.5,3.5,3.9,No,100.0,7.4,Poor,5,High School,Average,7,Yes,100.0
15,S1015,21,Male,3.1,5.0,1.0,No,97.5,6.5,Good,6,High School,Average,7,No,74.0
324,S1324,22,Female,3.8,1.8,0.7,No,97.5,8.2,Fair,5,Bachelor,Average,2,No,84.2
758,S1758,17,Male,3.2,2.6,2.8,No,100.0,7.1,Fair,1,High School,Good,10,Yes,75.4
222,S1222,22,Male,6.7,2.9,2.0,No,83.2,6.6,Good,6,Bachelor,Average,5,No,100.0
179,S1179,19,Female,3.8,1.7,3.8,No,90.2,5.3,Good,2,High School,Average,4,No,58.1
983,S1983,21,Male,3.9,1.8,2.1,No,74.0,6.5,Poor,2,Master,Average,2,No,64.4
22,S1022,18,Other,4.9,2.3,0.6,No,84.5,6.0,Fair,3,High School,Average,7,No,98.7
356,S1356,18,Male,5.8,2.6,0.9,Yes,70.0,7.1,Good,6,High School,Average,8,No,100.0
666,S1666,22,Female,1.9,4.0,0.5,Yes,82.9,7.6,Good,2,,Average,9,Yes,50.4
861,S1861,17,Male,3.9,1.9,0.2,No,82.4,8.4,Fair,4,Bachelor,Poor,9,Yes,93.5
340,S1340,19,Male,4.7,3.2,3.1,Yes,70.3,7.6,Fair,5,Bachelor,Good,2,No,80.3
431,S1431,22,Female,0.0,2.0,2.5,No,82.0,3.7,Poor,4,Bachelor,Average,2,No,29.9
551,S1551,20,Female,3.3,4.3,0.4,Yes,89.3,4.8,Poor,1,High School,Average,5,No,67.0
833,S1833,20,Other,4.6,2.2,2.6,No,68.8,5.7,Poor,6,Bachelor,Good,2,No,78.5
203,S1203,17,Male,2.0,3.8,0.3,No,78.4,7.6,Fair,6,Master,Poor,5,No,58.5
630,S1630,17,Female,0.7,3.2,2.4,No,95.9,8.3,Good,1,Master,Average,10,Yes,50.3
93,S1093,22,Male,4.1,2.5,3.0,No,85.1,5.8,Good,4,,Good,5,No,70.2
558,S1558,24,Male,4.6,1.8,1.6,No,89.3,5.3,Fair,0,High School,Average,1,Yes,60.1
68,S1068,20,Female,4.9,0.3,2.7,Yes,92.3,6.2,Good,0,Bachelor,Poor,6,No,82.1
622,S1622,23,Female,1.2,1.1,0.7,No,84.7,7.3,Fair,0,Bachelor,Average,2,Yes,35.6
284,S1284,18,Male,4.1,1.9,2.6,No,100.0,7.9,Fair,6,Bachelor,Good,8,No,91.9
844,S1844,21,Female,0.7,3.2,0.3,Yes,72.7,7.9,Fair,2,High School,Good,7,Yes,47.2
434,S1434,20,Male,0.0,3.5,3.2,No,72.6,6.2,Fair,3,High School,Good,2,No,26.2
153,S1153,19,Female,4.3,3.1,0.7,No,77.9,6.5,Good,0,,Average,6,No,81.4
75,S1075,18,Female,6.0,3.4,2.0,Yes,92.3,7.0,Fair,0,Bachelor,Good,9,Yes,99.9
730,S1730,19,Female,4.3,2.7,2.6,Yes,91.9,5.0,Good,3,Bachelor,Good,1,No,58.4
446,S1446,19,Male,3.7,1.8,0.9,Yes,75.9,5.9,Fair,1,High School,Average,1,No,56.3
188,S1188,23,Female,1.4,3.3,2.5,No,91.9,8.3,Fair,3,High School,Poor,4,Yes,46.5
271,S1271,24,Female,4.7,1.3,3.3,Yes,79.9,6.7,Good,1,Master,Good,1,No,73.6
236,S1236,22,Male,1.5,1.4,2.4,No,80.9,6.0,Good,3,High School,Good,5,No,46.2
487,S1487,20,Male,5.0,0.8,2.0,No,84.1,6.7,Fair,6,Bachelor,Average,6,Yes,94.6
117,S1117,22,Male,4.1,1.1,1.9,No,82.3,7.5,Good,1,,Good,8,No,80.8
943,S1943,21,Male,5.2,3.8,2.8,No,88.2,4.5,Good,2,High School,Poor,3,No,72.0
512,S1512,23,Female,2.9,2.8,0.5,No,88.2,3.8,Good,5,,Poor,2,Yes,61.6
825,S1825,20,Male,4.3,1.3,0.0,Yes,90.2,6.3,Good,0,High School,Average,7,No,90.4
591,S1591,24,Female,4.5,4.4,2.2,No,85.1,6.5,Fair,4,High School,Good,1,No,64.0
126,S1126,18,Male,0.7,3.4,1.4,Yes,81.6,6.1,Poor,1,High School,Poor,8,No,42.4
116,S1116,17,Male,7.0,3.3,3.1,No,88.4,6.1,Good,5,,Average,6,Yes,94.8
473,S1473,20,Male,5.0,2.9,2.6,No,96.2,6.7,Poor,6,High School,Average,5,No,80.6
693,S1693,20,Female,4.9,2.8,0.6,No,88.7,7.0,Fair,5,High School,Average,6,No,88.7
57,S1057,17,Male,3.9,2.4,1.2,No,90.7,7.1,Good,1,Bachelor,Average,7,Yes,75.2
863,S1863,18,Female,1.5,3.9,2.7,No,78.5,8.0,Good,0,High School,Poor,8,Yes,42.3
912,S1912,21,Male,3.6,2.7,0.1,No,75.8,9.5,Poor,6,High School,Average,9,No,89.1
369,S1369,23,Female,1.8,1.1,0.6,Yes,95.8,7.7,Poor,6,Bachelor,Average,5,No,70.9
268,S1268,23,Male,3.2,3.8,2.3,No,100.0,5.1,Fair,3,Bachelor,Poor,9,No,76.1
46,S1046,24,Male,2.4,4.3,1.0,No,87.9,8.9,Poor,5,High School,Average,9,Yes,71.0
349,S1349,23,Female,5.7,0.9,1.2,No,89.2,5.8,Poor,5,Bachelor,Average,7,No,100.0
195,S1195,18,Female,0.0,2.8,1.6,No,93.4,5.8,Fair,0,Bachelor,Good,5,No,26.7
999,S1999,19,Female,4.3,2.9,1.9,No,89.4,7.1,Good,2,Bachelor,Average,8,No,74.9
834,S1834,17,Other,4.0,1.4,0.0,Yes,100.0,6.5,Fair,2,High School,Poor,6,Yes,81.1
736,S1736,20,Female,3.1,0.0,3.3,No,78.6,6.9,Fair,0,Bachelor,Average,6,No,72.8
263,S1263,17,Female,2.2,2.4,2.3,Yes,94.3,6.1,Poor,5,Bachelor,Average,6,No,62.7
443,S1443,24,Female,2.3,1.1,1.8,Yes,79.4,6.6,Fair,3,Master,Good,6,No,66.8
675,S1675,21,Female,4.0,2.1,1.4,No,100.0,7.7,Fair,1,Bachelor,Good,6,No,82.2
304,S1304,18,Male,2.6,3.5,2.0,No,84.0,6.2,Good,0,Bachelor,Average,1,No,39.6
341,S1341,20,Female,2.7,3.7,1.1,No,72.4,6.3,Fair,0,High School,Average,3,No,44.3
966,S1966,21,Other,1.7,0.2,0.8,No,83.5,7.0,Poor,1,High School,Good,8,Yes,56.4
149,S1149,24,Female,4.2,3.6,1.8,Yes,100.0,6.1,Fair,3,,Poor,5,No,75.4
124,S1124,21,Female,2.3,1.9,0.1,No,81.9,6.6,Fair,2,Bachelor,Average,4,No,61.7
786,S1786,23,Male,4.1,2.6,2.4,No,77.3,6.9,Good,2,Bachelor,Average,9,No,85.3
50,S1050,23,Female,1.6,1.0,3.1,No,82.8,5.5,Fair,4,Master,Good,10,Yes,62.0
353,S1353,24,Female,0.7,2.2,0.0,No,94.1,6.1,Fair,2,High School,Good,6,No,48.7
927,S1927,20,Female,3.3,4.0,1.9,No,67.1,6.8,Good,0,Bachelor,Good,2,No,43.5
142,S1142,20,Male,3.2,2.0,2.0,No,88.3,4.9,Fair,4,Bachelor,Poor,4,Yes,65.4
470,S1470,21,Female,4.2,2.9,2.5,No,69.7,6.4,Fair,1,High School,Good,1,No,60.4
399,S1399,17,Male,3.1,3.6,0.4,No,80.0,6.6,Poor,3,Bachelor,Good,3,Yes,59.6
625,S1625,18,Female,1.3,2.1,1.2,No,84.7,8.1,Poor,5,High School,Good,2,Yes,46.6
320,S1320,24,Female,4.6,1.8,1.5,No,80.9,8.2,Fair,5,,Poor,9,Yes,94.2
19,S1019,19,Male,1.8,2.5,2.4,No,71.1,7.5,Fair,1,High School,Average,2,No,45.3
809,S1809,21,Female,5.2,2.8,3.2,No,88.7,5.4,Good,0,Bachelor,Good,7,Yes,89.5
790,S1790,22,Male,0.8,3.9,2.4,No,62.9,5.5,Fair,0,Master,Good,5,No,31.5
808,S1808,22,Male,3.2,0.3,4.0,Yes,67.3,5.3,Good,3,High School,Good,1,No,43.9
407,S1407,24,Male,4.3,3.3,3.0,No,79.4,6.3,Fair,5,High School,Poor,6,Yes,67.3
537,S1537,23,Female,2.5,0.9,2.2,Yes,80.0,3.6,Good,5,Bachelor,Average,8,No,58.9
620,S1620,20,Female,1.4,3.5,1.6,No,85.8,6.4,Fair,2,,Average,1,No,39.8
38,S1038,17,Male,3.8,1.7,1.4,No,70.3,7.0,Poor,0,Bachelor,Good,1,No,58.1
175,S1175,22,Other,3.0,3.2,0.3,No,100.0,5.0,Good,3,Master,Good,7,No,65.3
245,S1245,22,Female,2.4,4.1,0.0,No,80.5,6.1,Fair,1,Bachelor,Average,3,Yes,47.9
828,S1828,23,Female,2.5,1.1,3.9,No,86.1,4.0,Fair,6,Bachelor,Good,8,No,58.2
667,S1667,20,Female,5.6,2.4,2.3,No,94.7,7.0,Fair,6,High School,Average,10,Yes,100.0
754,S1754,18,Female,0.8,3.3,0.2,No,85.7,7.1,Good,4,Bachelor,Poor,9,No,51.8
858,S1858,18,Male,4.5,2.0,1.2,Yes,82.2,6.3,Fair,5,High School,Good,5,Yes,84.4
154,S1154,21,Male,3.5,3.3,1.4,No,66.8,7.4,Fair,1,Bachelor,Good,3,No,65.0
287,S1287,21,Male,4.4,2.2,0.9,No,75.7,8.8,Good,6,High School,Poor,4,Yes,84.2
602,S1602,20,Female,3.6,3.6,0.9,No,72.7,5.9,Poor,2,,Average,10,Yes,72.9
569,S1569,23,Male,6.3,1.9,0.0,No,93.4,6.2,Fair,6,,Good,3,Yes,100.0
743,S1743,21,Female,4.1,2.9,0.8,Yes,80.0,5.8,Good,6,High School,Good,2,Yes,76.4
17,S1017,24,Female,3.4,2.7,1.2,No,94.7,7.5,Poor,0,High School,Average,1,Yes,70.8
127,S1127,17,Female,4.3,2.2,1.6,No,71.6,9.4,Good,5,Bachelor,Good,7,No,88.0
322,S1322,20,Male,6.1,4.9,1.4,No,68.7,5.3,Good,0,Bachelor,Good,10,No,96.1
255,S1255,19,Female,4.9,2.8,1.6,No,84.6,5.2,Good,4,High School,Average,7,No,85.0
657,S1657,19,Female,2.4,2.9,1.7,No,88.8,5.8,Fair,1,Bachelor,Average,9,Yes,67.4
964,S1964,23,Other,3.5,2.3,2.1,No,84.3,7.6,Good,5,High School,Poor,10,Yes,89.1
190,S1190,23,Male,1.7,3.8,1.2,No,82.3,7.9,Poor,6,Master,Good,5,No,55.4
115,S1115,20,Female,3.7,1.2,3.3,No,88.5,7.7,Poor,5,,Good,9,No,82.7
616,S1616,17,Male,2.6,2.2,0.0,No,83.3,7.0,Fair,1,Bachelor,Good,10,No,79.3
606,S1606,23,Male,6.8,2.5,0.7,No,97.2,4.4,Good,1,Bachelor,Poor,4,No,93.1
180,S1180,21,Female,3.7,3.3,2.6,Yes,100.0,7.5,Fair,5,,Good,5,No,69.2
301,S1301,17,Male,1.7,3.4,3.9,Yes,97.0,6.6,Good,3,High School,Average,6,No,41.7
759,S1759,23,Female,2.8,4.1,1.7,Yes,90.2,5.2,Fair,1,Bachelor,Average,6,Yes,54.9
712,S1712,17,Male,3.0,0.0,0.6,Yes,99.5,7.8,Fair,4,Bachelor,Average,10,No,98.7
723,S1723,17,Female,2.6,3.0,0.8,No,78.3,6.9,Good,4,Bachelor,Average,2,No,53.2
685,S1685,22,Female,2.0,1.2,2.7,No,67.2,6.7,Poor,6,Bachelor,Average,8,No,55.4
979,S1979,22,Male,1.3,2.2,1.8,No,76.1,5.0,Good,6,High School,Poor,10,No,53.4
517,S1517,22,Female,5.8,0.6,1.6,No,73.9,5.8,Fair,6,Bachelor,Good,6,No,100.0
984,S1984,24,Male,3.2,3.0,0.1,No,97.5,6.8,Fair,6,High School,Average,7,No,82.4
45,S1045,20,Male,3.6,3.1,1.1,No,93.9,8.4,Fair,1,Bachelor,Average,5,Yes,75.1
909,S1909,22,Female,4.9,3.3,3.0,No,79.5,7.0,Fair,5,Bachelor,Average,1,No,71.8
157,S1157,18,Male,3.0,1.8,0.7,No,100.0,5.5,Poor,4,Bachelor,Poor,3,No,56.7
851,S1851,18,Female,2.4,4.1,0.3,No,100.0,5.1,Poor,5,Bachelor,Good,8,No,67.4
171,S1171,21,Female,5.3,2.4,0.1,No,85.5,5.5,Good,0,Bachelor,Good,3,Yes,85.8
16,S1016,20,Male,1.0,0.6,0.2,No,92.9,5.6,Poor,3,High School,Poor,8,Yes,55.2
511,S1511,18,Other,2.9,3.2,2.8,No,100.0,5.9,Fair,5,High School,Average,2,No,63.0
48,S1048,22,Female,1.4,2.1,2.8,No,90.6,8.4,Fair,3,Bachelor,Good,6,No,52.6
971,S1971,23,Female,3.5,2.5,1.8,No,56.0,6.1,Good,5,High School,Average,6,No,64.5
940,S1940,20,Other,4.1,1.7,0.1,Yes,68.8,7.2,Good,0,Master,Average,4,No,67.5
515,S1515,19,Female,3.0,0.1,1.9,No,86.1,7.7,Good,6,High School,Poor,6,Yes,82.5
952,S1952,21,Female,3.6,2.1,3.5,Yes,62.3,5.7,Poor,1,High School,Average,9,No,65.6
480,S1480,20,Male,3.5,4.7,1.3,Yes,81.2,5.0,Good,5,,Good,1,No,55.9
283,S1283,23,Male,1.6,3.3,3.5,Yes,73.0,8.1,Good,6,High School,Good,1,No,47.1
718,S1718,24,Female,1.0,2.9,0.1,No,76.2,5.8,Poor,4,Bachelor,Good,6,No,49.9
877,S1877,18,Female,2.7,2.7,1.6,No,76.6,4.0,Good,0,High School,Average,3,No,36.9
225,S1225,18,Female,3.9,1.6,1.2,No,64.3,7.5,Good,0,Master,Average,9,Yes,74.3
26,S1026,22,Male,2.0,0.8,0.5,No,83.8,6.5,Good,4,Bachelor,Poor,4,No,73.5
954,S1954,19,Male,4.6,3.0,3.6,No,82.7,7.7,Good,5,Master,Good,1,Yes,66.0
437,S1437,24,Female,6.6,2.8,2.9,No,84.3,8.0,Good,1,,Good,8,No,100.0
951,S1951,20,Female,3.3,2.2,0.9,No,76.7,8.7,Good,5,Bachelor,Poor,10,No,94.0
364,S1364,23,Male,2.9,3.6,1.2,No,82.9,6.2,Fair,1,High School,Average,2,No,45.9
229,S1229,21,Male,2.4,3.7,2.0,No,94.7,5.8,Good,4,High School,Good,3,Yes,52.4
37,S1037,17,Male,4.3,2.5,0.0,Yes,64.1,3.9,Good,0,High School,Average,2,No,59.4
965,S1965,17,Male,4.3,3.4,0.6,No,59.8,6.6,Fair,5,Master,Average,6,Yes,77.3
374,S1374,17,Male,2.8,2.0,4.1,Yes,82.3,6.3,Fair,4,High School,Good,6,No,57.3
469,S1469,20,Male,4.8,1.9,1.1,No,85.1,8.1,Fair,1,Bachelor,Good,8,Yes,96.1
967,S1967,22,Male,5.2,4.1,3.8,No,95.6,5.9,Fair,0,,Good,6,No,76.1
850,S1850,23,Female,1.1,2.4,1.8,No,83.9,7.7,Good,5,High School,Average,4,Yes,49.2
704,S1704,21,Female,5.5,3.0,1.4,No,92.9,5.2,Fair,6,High School,Good,2,Yes,76.3
841,S1841,24,Male,3.3,1.5,1.8,Yes,81.4,6.9,Fair,5,High School,Average,6,No,62.6
194,S1194,23,Male,2.6,4.0,1.1,No,89.4,6.9,Good,0,High School,Good,10,No,66.6
854,S1854,23,Female,4.7,1.8,1.7,No,68.7,6.4,Fair,2,High School,Average,5,No,70.0
864,S1864,20,Female,0.0,0.3,1.1,Yes,88.0,5.4,Fair,1,High School,Average,10,Yes,53.3
503,S1503,24,Female,2.6,1.4,2.1,Yes,84.4,7.1,Fair,0,High School,Average,7,No,63.0
969,S1969,19,Female,4.6,2.0,3.6,Yes,81.1,6.8,Fair,5,Bachelor,Average,4,No,83.0
830,S1830,21,Female,4.7,4.3,0.0,No,91.3,9.1,Good,5,Bachelor,Good,5,No,83.5
579,S1579,18,Female,6.1,3.5,0.3,Yes,69.8,5.7,Good,3,High School,Average,9,Yes,100.0
968,S1968,22,Female,4.6,2.6,1.0,No,76.1,6.1,Good,3,High School,Average,4,No,74.6
162,S1162,24,Female,3.4,3.0,0.1,No,77.3,6.8,Fair,5,Master,Average,7,No,83.8
908,S1908,23,Female,5.6,2.8,0.5,Yes,92.2,9.4,Fair,4,Bachelor,Good,8,No,100.0
152,S1152,17,Female,5.6,2.8,4.1,No,85.8,6.8,Good,4,High School,Good,7,No,90.3
801,S1801,22,Female,3.9,1.8,3.9,No,99.1,6.9,Fair,1,Master,Good,4,No,65.5
993,S1993,20,Male,3.8,2.1,1.0,No,89.0,5.2,Good,1,High School,Good,7,No,70.9
755,S1755,22,Male,2.7,4.7,1.7,Yes,67.5,5.7,Poor,2,Master,Good,9,No,59.3
111,S1111,23,Female,4.4,1.9,0.8,No,84.8,8.3,Good,1,High School,Average,3,No,76.9
226,S1226,21,Male,5.5,2.2,0.9,Yes,84.1,5.0,Fair,3,Bachelor,Good,1,No,88.7
688,S1688,23,Male,5.0,1.8,1.6,No,100.0,5.7,Good,6,High School,Poor,7,No,92.9
103,S1103,20,Male,2.1,1.2,3.1,No,88.8,7.5,Good,4,Master,Average,3,No,50.4
421,S1421,18,Female,5.2,3.0,3.3,No,76.0,4.6,Good,3,,Poor,10,Yes,87.1
419,S1419,22,Male,2.3,4.6,0.6,No,93.9,6.2,Good,6,Master,Good,5,No,58.7
750,S1750,24,Female,6.1,1.9,0.2,No,97.6,5.9,Poor,6,Bachelor,Poor,6,No,98.5
586,S1586,22,Female,5.0,2.8,0.0,Yes,92.5,6.1,Fair,3,High School,Poor,7,Yes,83.5
780,S1780,17,Female,4.0,3.7,2.2,No,89.5,7.8,Poor,0,High School,Average,10,Yes,89.4
672,S1672,22,Female,4.9,4.4,2.9,No,94.0,5.6,Fair,2,Bachelor,Good,3,No,69.4
119,S1119,21,Female,3.0,3.1,2.4,Yes,73.8,8.3,Fair,4,High School,Average,7,No,66.3
53,S1053,20,Female,4.8,2.0,3.5,No,100.0,6.0,Good,0,Bachelor,Good,7,Yes,70.6
151,S1151,19,Female,4.7,4.7,2.3,No,90.1,4.6,Good,1,High School,Good,6,No,69.7
403,S1403,17,Female,4.8,2.8,3.1,No,92.7,6.4,Fair,1,,Good,6,No,74.9
945,S1945,23,Male,6.0,2.9,2.1,Yes,98.9,6.4,Poor,0,,Average,7,No,100.0
207,S1207,20,Female,2.1,0.5,2.0,No,80.9,7.3,Poor,3,Bachelor,Good,6,Yes,62.3
658,S1658,20,Female,3.2,3.0,1.4,Yes,96.2,4.3,Good,3,Master,Good,8,No,74.8
843,S1843,23,Female,3.0,4.8,2.3,Yes,92.0,6.3,Fair,4,Master,Poor,3,No,60.6
762,S1762,21,Male,1.9,2.3,1.4,No,84.0,5.1,Fair,4,High School,Poor,4,No,51.8
8,S1008,23,Female,4.4,2.2,1.7,No,100.0,7.1,Good,3,Bachelor,Good,1,No,78.9
807,S1807,17,Female,3.3,1.8,0.0,No,70.3,4.7,Poor,2,High School,Average,7,Yes,65.2
36,S1036,20,Female,3.5,3.0,2.6,No,74.9,7.3,Fair,3,High School,Good,4,No,70.7
452,S1452,22,Male,4.8,2.3,1.6,Yes,71.7,7.5,Good,4,Bachelor,Good,6,No,89.3
651,S1651,24,Female,3.7,1.7,2.3,Yes,57.6,6.2,Good,0,Master,Average,7,No,75.7
253,S1253,21,Male,6.7,1.4,0.9,No,100.0,8.0,Fair,4,Bachelor,Good,2,No,93.8
303,S1303,22,Female,2.2,1.0,2.9,No,93.4,6.9,Good,6,,Good,6,No,63.7
746,S1746,19,Male,1.1,2.0,3.3,No,74.9,7.4,Good,3,Bachelor,Good,7,No,42.6
571,S1571,19,Male,3.0,4.5,0.9,No,59.7,7.1,Fair,1,Master,Good,4,Yes,51.5
623,S1623,18,Female,4.6,1.2,0.5,No,92.8,8.2,Good,4,Master,Good,4,No,93.0
732,S1732,17,Male,2.8,3.4,0.9,No,67.7,7.0,Poor,3,Master,Average,9,No,62.6
891,S1891,23,Male,2.2,1.6,2.0,Yes,85.3,6.5,Good,5,High School,Average,4,Yes,65.6
262,S1262,21,Male,3.0,2.2,2.3,No,76.5,6.1,Poor,2,Master,Average,3,No,49.1
610,S1610,21,Female,3.6,2.3,2.9,No,100.0,4.6,Fair,2,Master,Good,3,No,69.6
297,S1297,23,Female,4.1,2.8,1.4,No,82.4,3.5,Good,2,Master,Average,3,No,60.1
414,S1414,19,Female,4.2,5.6,0.4,No,91.1,9.8,Poor,0,Bachelor,Poor,5,Yes,78.7
150,S1150,19,Male,3.5,2.1,0.5,Yes,84.8,6.1,Good,4,Bachelor,Average,2,No,64.2
788,S1788,24,Male,5.2,2.3,1.5,No,80.5,5.9,Fair,6,Master,Poor,3,No,82.8
640,S1640,22,Female,6.4,2.7,0.3,Yes,78.3,5.8,Good,0,High School,Average,7,No,98.0
889,S1889,17,Male,3.7,3.9,2.2,Yes,68.3,5.8,Fair,0,High School,Good,8,No,66.6
550,S1550,17,Female,5.2,1.5,0.2,Yes,86.3,6.2,Good,5,High School,Average,7,No,97.9
886,S1886,17,Female,3.5,3.9,2.6,No,73.9,5.5,Fair,4,High School,Good,2,Yes,65.6
488,S1488,17,Male,5.3,2.5,2.7,Yes,83.2,5.8,Good,3,Bachelor,Average,6,Yes,93.4
147,S1147,19,Female,3.5,2.3,2.2,No,74.3,6.7,Fair,3,Bachelor,Poor,5,Yes,78.1
146,S1146,19,Female,3.5,3.2,2.4,No,85.8,8.0,Poor,2,Bachelor,Good,9,No,75.5
720,S1720,18,Female,4.9,0.0,2.1,Yes,95.1,5.0,Good,3,Bachelor,Average,5,No,94.2
931,S1931,20,Female,4.0,3.4,3.4,Yes,78.0,5.5,Poor,3,Bachelor,Average,7,Yes,68.8
739,S1739,20,Male,3.1,2.8,2.2,No,85.2,7.4,Poor,6,Bachelor,Good,9,Yes,74.1
659,S1659,18,Male,2.0,0.2,0.5,No,67.6,8.1,Good,4,Bachelor,Average,10,Yes,73.6
348,S1348,24,Female,3.6,0.9,2.4,No,100.0,5.8,Poor,2,Bachelor,Average,3,No,72.3
463,S1463,17,Male,2.5,4.2,1.9,Yes,88.1,4.8,Fair,1,Master,Good,1,No,44.5
325,S1325,22,Female,4.9,3.5,1.2,No,77.2,7.4,Good,0,High School,Good,4,No,75.4
186,S1186,18,Female,0.0,1.9,1.5,No,82.4,5.6,Fair,3,Bachelor,Average,8,No,55.2
123,S1123,23,Female,4.9,1.3,2.8,No,80.8,7.2,Good,1,Bachelor,Average,4,No,77.0
853,S1853,19,Female,2.1,0.8,2.0,No,85.9,7.3,Good,6,Master,Good,10,Yes,68.4
608,S1608,20,Female,3.7,1.9,2.5,No,81.3,6.6,Fair,2,Bachelor,Good,5,Yes,61.1
143,S1143,24,Male,2.4,2.8,0.7,No,99.8,8.1,Fair,3,,Good,2,No,62.0
958,S1958,18,Male,0.0,3.8,1.3,Yes,89.5,5.7,Good,5,High School,Average,5,No,31.1
197,S1197,20,Female,4.1,2.7,0.0,No,89.5,6.5,Fair,0,Master,Average,9,Yes,87.1
609,S1609,24,Male,4.3,2.3,1.2,No,68.3,6.1,Poor,5,High School,Poor,5,No,77.4
279,S1279,18,Female,4.6,0.6,2.1,No,90.0,4.5,Poor,1,High School,Good,8,No,85.9
293,S1293,18,Female,7.4,1.6,1.2,No,94.6,5.7,Fair,5,Bachelor,Good,10,Yes,100.0
400,S1400,24,Male,3.5,1.3,2.1,No,79.9,7.3,Fair,0,Bachelor,Good,2,No,60.4
122,S1122,18,Male,4.6,3.9,0.0,No,83.6,9.7,Poor,3,High School,Good,2,No,84.8
183,S1183,19,Female,5.3,1.9,3.2,No,93.2,6.1,Fair,1,High School,Average,4,Yes,85.7
202,S1202,23,Male,3.7,0.7,0.0,No,78.1,6.6,Fair,1,,Average,9,No,85.1
438,S1438,23,Male,3.5,3.9,2.2,No,89.3,6.3,Fair,2,Master,Average,5,Yes,66.8
246,S1246,17,Male,1.4,0.9,2.6,Yes,83.0,4.4,Poor,3,Bachelor,Good,8,No,51.0
415,S1415,17,Male,3.4,1.2,2.1,Yes,88.8,5.3,Fair,4,,Average,4,Yes,68.3
932,S1932,17,Female,4.4,2.4,1.7,No,78.5,5.9,Fair,0,Bachelor,Average,5,No,76.8
765,S1765,19,Male,2.1,2.8,1.4,Yes,82.8,6.3,Poor,1,Master,Average,3,No,44.1
906,S1906,18,Female,0.0,4.6,2.0,Yes,70.1,8.7,Fair,3,Bachelor,Average,10,No,43.4
835,S1835,20,Female,5.1,2.6,1.8,No,83.4,6.5,Fair,6,High School,Average,10,No,100.0
887,S1887,22,Male,3.5,2.1,4.9,No,97.0,7.2,Good,5,,Poor,9,No,75.9
129,S1129,20,Male,0.3,4.2,1.5,No,83.0,6.2,Good,1,High School,Average,3,Yes,26.8
637,S1637,23,Female,2.3,0.4,2.0,No,81.3,5.9,Fair,6,,Good,1,Yes,70.3
402,S1402,19,Male,0.0,1.4,0.0,No,81.5,6.7,Good,5,High School,Good,8,Yes,50.1
784,S1784,18,Male,4.4,2.9,1.3,No,80.7,7.2,Fair,5,High School,Good,10,No,91.3
770,S1770,21,Female,1.7,3.5,2.5,No,94.7,6.0,Good,5,Bachelor,Good,10,No,53.0
735,S1735,19,Male,2.9,7.2,2.9,Yes,85.5,5.7,Fair,1,High School,Good,6,No,50.1
913,S1913,18,Male,3.8,4.5,1.6,Yes,79.3,5.3,Good,3,High School,Good,4,No,53.5
219,S1219,23,Female,6.2,2.8,1.0,No,84.9,7.0,Fair,5,Master,Good,4,No,100.0
641,S1641,22,Male,3.4,5.7,0.0,No,86.9,5.3,Good,6,Bachelor,Poor,6,No,74.7
915,S1915,22,Female,3.0,4.7,1.9,No,80.3,5.6,Fair,0,High School,Average,8,No,61.0
752,S1752,18,Male,4.5,1.6,2.9,Yes,72.3,4.4,Good,3,High School,Good,4,Yes,71.3
806,S1806,24,Female,3.2,2.9,2.1,No,85.2,4.6,Good,1,Bachelor,Good,2,Yes,40.3
919,S1919,24,Female,2.8,2.2,1.5,No,67.0,8.5,Good,3,High School,Good,7,Yes,74.7
624,S1624,21,Female,3.6,1.9,2.3,No,74.5,6.1,Good,5,Bachelor,Average,8,Yes,83.2
874,S1874,18,Male,5.1,2.6,0.9,No,96.0,7.0,Fair,0,Master,Average,10,No,96.6
760,S1760,20,Male,0.5,1.6,3.8,Yes,81.0,7.7,Good,4,,Average,3,Yes,30.2
386,S1386,19,Female,2.0,0.8,2.6,No,95.8,6.0,Good,0,High School,Poor,4,No,45.2
972,S1972,17,Female,4.5,0.4,3.0,No,100.0,5.5,Fair,3,High School,Good,8,No,91.9
509,S1509,18,Female,4.3,3.3,2.2,No,82.8,5.4,Poor,6,High School,Average,3,No,64.6
267,S1267,24,Female,1.8,2.4,3.3,Yes,92.7,8.7,Fair,3,Bachelor,Good,10,No,53.3
819,S1819,17,Male,4.1,2.7,0.6,No,74.6,3.6,Fair,0,Bachelor,Good,3,No,67.3
441,S1441,24,Female,5.6,3.2,1.0,No,62.5,6.6,Fair,4,Bachelor,Average,8,No,82.7
496,S1496,19,Female,3.8,1.2,1.8,No,86.1,4.7,Good,6,High School,Average,7,No,73.9
112,S1112,24,Female,1.9,1.7,2.8,No,96.2,4.9,Fair,1,Bachelor,Poor,6,Yes,43.9
691,S1691,22,Female,6.2,3.5,2.3,No,94.5,8.2,Fair,5,Bachelor,Good,8,No,100.0
232,S1232,20,Female,6.5,0.7,1.7,No,77.3,6.3,Good,4,Master,Average,3,No,100.0
869,S1869,22,Male,2.8,2.5,2.7,Yes,86.4,6.3,Fair,4,Master,Average,10,No,74.6
607,S1607,24,Female,3.2,3.0,3.2,No,83.0,6.3,Poor,3,Bachelor,Average,8,Yes,57.5
671,S1671,22,Other,3.8,1.4,1.2,No,81.2,6.7,Good,2,High School,Average,3,Yes,70.4
373,S1373,24,Male,3.3,1.4,0.4,No,75.2,6.5,Poor,0,Bachelor,Good,7,Yes,72.9
981,S1981,24,Male,3.6,0.0,3.6,No,66.3,9.6,Fair,3,Bachelor,Average,2,No,66.2
842,S1842,17,Female,2.3,2.0,1.8,No,85.3,7.5,Fair,1,Bachelor,Average,10,No,71.4
233,S1233,20,Female,3.7,1.7,1.7,No,73.7,7.0,Fair,3,Master,Poor,10,Yes,80.8
785,S1785,17,Female,2.9,1.1,2.8,No,100.0,7.8,Poor,3,,Average,8,No,68.4
676,S1676,20,Female,1.8,4.8,3.2,No,95.4,5.0,Good,4,Bachelor,Good,5,No,37.4
317,S1317,17,Male,4.1,4.2,0.0,No,70.2,6.9,Good,1,High School,Average,8,Yes,80.4
648,S1648,24,Female,1.1,3.6,2.5,No,96.7,8.4,Good,3,High School,Good,10,Yes,54.6
410,S1410,19,Female,4.7,2.5,1.5,No,82.3,6.0,Fair,6,High School,Average,1,No,78.0
898,S1898,23,Female,3.9,1.1,2.9,No,86.8,7.0,Fair,1,Master,Average,10,No,75.7
709,S1709,24,Other,2.9,4.0,2.9,No,67.6,8.7,Poor,4,High School,Good,5,Yes,56.4
358,S1358,17,Female,2.0,2.2,3.2,No,98.2,5.1,Good,5,High School,Average,5,No,56.3
258,S1258,24,Female,5.8,3.0,0.4,No,66.5,3.2,Fair,2,High School,Average,8,No,90.8
744,S1744,19,Female,3.3,0.7,3.6,No,75.5,6.1,Poor,3,High School,Good,3,Yes,52.6
627,S1627,22,Male,2.4,0.9,0.8,No,92.5,8.3,Fair,2,Bachelor,Average,9,No,78.3
632,S1632,21,Male,3.3,2.0,2.1,No,87.7,6.8,Poor,1,Bachelor,Poor,9,Yes,75.4
282,S1282,22,Male,3.8,0.9,2.0,Yes,79.9,6.2,Fair,1,,Good,10,No,79.7
376,S1376,20,Female,4.3,3.7,2.5,No,76.9,5.0,Poor,3,,Good,4,No,65.7
384,S1384,21,Female,2.6,5.4,3.3,No,87.2,8.0,Good,1,High School,Poor,9,No,59.8
224,S1224,18,Female,4.6,2.5,3.0,No,87.7,6.7,Fair,5,Bachelor,Poor,6,No,72.7
953,S1953,20,Female,2.0,1.0,0.1,No,81.5,6.4,Fair,5,High School,Average,7,No,61.7
814,S1814,20,Male,3.5,3.6,2.2,No,84.5,7.6,Fair,3,High School,Average,7,No,75.1
472,S1472,19,Female,2.5,2.7,1.5,No,82.9,6.0,Poor,3,Bachelor,Average,3,No,56.1
347,S1347,20,Other,4.9,4.0,1.7,No,91.0,7.7,Fair,0,Master,Average,3,No,77.0
505,S1505,17,Female,3.5,0.9,0.4,No,78.7,6.3,Fair,3,,Average,5,Yes,72.9
639,S1639,24,Female,3.5,2.9,0.7,No,65.4,7.9,Poor,3,High School,Good,2,No,62.9
987,S1987,20,Female,2.3,1.6,1.7,Yes,85.8,5.6,Fair,1,High School,Average,9,No,56.2
928,S1928,22,Female,2.8,0.2,3.1,No,79.3,6.5,Good,5,High School,Average,2,No,65.6
905,S1905,18,Male,2.6,2.9,1.1,Yes,73.0,5.8,Good,5,Bachelor,Poor,1,Yes,53.9
619,S1619,19,Male,2.5,3.1,1.7,No,70.5,4.8,Good,1,High School,Good,4,No,45.1
855,S1855,21,Female,3.2,3.7,1.2,No,59.9,6.0,Fair,6,High School,Good,2,No,56.1
803,S1803,17,Female,4.5,1.2,2.6,No,86.0,5.3,Good,0,Bachelor,Good,6,Yes,76.3
645,S1645,21,Female,1.1,0.4,2.4,Yes,95.2,6.8,Good,2,,Average,1,Yes,46.3
846,S1846,18,Male,3.5,3.1,0.0,No,89.6,6.6,Fair,3,Bachelor,Good,5,Yes,75.5
556,S1556,24,Female,4.0,3.3,5.4,No,81.2,7.6,Fair,6,Bachelor,Poor,6,No,79.0
957,S1957,17,Female,2.0,1.6,0.0,No,69.8,7.0,Good,5,High School,Average,4,No,49.1
577,S1577,22,Female,1.9,2.9,1.6,Yes,87.6,6.1,Fair,4,Bachelor,Good,1,Yes,44.4
795,S1795,23,Male,5.6,4.6,1.1,No,85.4,5.4,Good,5,,Poor,6,Yes,89.7
85,S1085,19,Male,1.7,2.6,2.6,No,77.6,7.0,Good,4,Bachelor,Good,6,No,53.5
242,S1242,20,Female,5.3,1.8,2.0,No,83.8,8.4,Good,1,Bachelor,Good,5,No,91.5
698,S1698,18,Female,3.9,3.9,1.0,No,77.2,5.6,Fair,4,High School,Poor,9,No,71.5
159,S1159,20,Female,3.2,1.2,4.4,No,81.5,7.4,Good,3,Bachelor,Average,9,No,77.9
524,S1524,18,Female,1.7,2.9,2.5,No,84.6,6.0,Good,0,Bachelor,Average,7,Yes,39.9
35,S1035,21,Female,4.2,1.7,0.0,Yes,84.2,6.5,Good,1,Bachelor,Average,3,No,72.6
540,S1540,23,Female,4.0,3.0,3.0,No,83.2,7.7,Good,3,Bachelor,Average,6,Yes,74.7
170,S1170,24,Male,5.8,2.1,2.8,No,74.7,9.3,Fair,1,Bachelor,Good,6,No,96.6
654,S1654,22,Female,3.1,4.7,0.4,No,79.5,6.2,Good,4,Master,Good,9,No,71.5
890,S1890,23,Male,4.7,0.9,1.0,Yes,83.9,4.7,Fair,5,High School,Average,3,No,84.5
857,S1857,19,Male,0.5,0.0,2.6,Yes,86.4,5.8,Poor,5,Master,Poor,8,Yes,45.0
847,S1847,18,Male,2.3,0.6,1.1,No,100.0,6.2,Fair,0,Bachelor,Good,9,No,73.5
944,S1944,21,Female,1.7,1.6,1.7,No,61.0,6.7,Fair,5,Bachelor,Good,8,Yes,67.9
733,S1733,24,Male,3.3,2.8,0.0,No,98.3,7.3,Fair,2,Bachelor,Good,6,No,70.6
95,S1095,22,Male,1.7,2.9,2.0,No,97.5,6.0,Good,0,High School,Good,6,No,50.2
563,S1563,23,Male,4.4,4.3,0.0,Yes,100.0,6.1,Fair,3,Master,Average,2,No,70.1
240,S1240,18,Male,1.9,1.6,2.3,No,72.0,6.3,Fair,6,Master,Poor,3,No,51.2
742,S1742,18,Female,5.3,1.8,3.6,No,88.6,5.7,Fair,4,Bachelor,Average,1,Yes,71.0
574,S1574,23,Other,4.7,4.9,2.7,No,86.4,8.4,Poor,6,Bachelor,Average,2,No,89.6
690,S1690,18,Male,2.5,1.8,1.2,Yes,88.3,6.9,Fair,1,High School,Average,6,No,70.5
460,S1460,18,Male,3.7,3.3,0.3,Yes,87.4,6.6,Fair,6,High School,Good,5,No,72.3
553,S1553,20,Female,4.8,0.8,0.0,No,81.2,8.1,Good,5,High School,Average,1,No,88.0
888,S1888,20,Other,3.0,3.0,1.7,Yes,79.0,7.4,Fair,4,Bachelor,Good,8,Yes,69.8
206,S1206,24,Male,3.5,1.9,1.2,No,95.3,6.5,Poor,6,Bachelor,Average,10,Yes,92.6
392,S1392,24,Female,2.2,4.7,2.2,No,89.8,8.2,Good,0,High School,Poor,3,No,45.2
794,S1794,17,Female,2.6,1.4,1.2,No,83.6,8.5,Poor,5,Bachelor,Average,7,No,80.3
397,S1397,22,Female,2.3,2.5,1.9,Yes,96.9,6.2,Fair,4,Bachelor,Good,10,Yes,71.9
766,S1766,21,Male,0.0,2.4,2.9,No,85.6,3.8,Poor,3,,Average,8,No,30.5
848,S1848,23,Other,4.5,3.8,1.3,No,83.6,7.3,Fair,3,High School,Poor,6,No,74.6
217,S1217,21,Other,5.1,0.9,0.7,No,79.7,5.5,Fair,6,High School,Good,3,No,87.0
4,S1004,19,Female,5.0,4.4,0.5,No,90.9,4.9,Fair,3,Master,Good,1,No,66.4
768,S1768,20,Female,5.2,4.4,0.5,No,81.6,6.2,Fair,1,High School,Poor,4,No,74.0
642,S1642,24,Female,2.4,2.9,0.5,No,71.5,6.8,Fair,5,High School,Good,2,Yes,50.4
929,S1929,17,Female,5.7,2.7,1.4,No,79.0,7.7,Good,0,Master,Average,8,Yes,89.8
612,S1612,20,Male,2.6,2.3,0.9,No,80.1,7.0,Fair,0,Master,Good,9,No,69.3
738,S1738,21,Other,4.3,2.2,2.3,No,71.8,7.6,Fair,2,High School,Good,5,Yes,76.0
546,S1546,21,Male,4.5,2.7,1.2,Yes,85.8,5.4,Good,2,Master,Good,1,Yes,62.9
725,S1725,21,Female,3.9,1.9,2.4,No,75.8,5.7,Good,2,Bachelor,Average,2,No,64.0
683,S1683,20,Female,3.6,1.1,0.3,Yes,83.5,6.2,Fair,4,High School,Good,4,No,77.2
98,S1098,22,Male,2.4,0.0,3.1,No,92.2,4.8,Good,3,Bachelor,Good,7,Yes,63.9
804,S1804,22,Female,4.3,4.0,1.1,Yes,88.4,4.4,Good,2,High School,Average,2,Yes,59.0
727,S1727,19,Male,4.1,4.2,1.6,No,70.2,3.3,Good,2,High School,Good,7,No,57.4
573,S1573,18,Male,3.0,1.4,2.0,No,83.6,8.2,Fair,5,Bachelor,Good,3,No,67.2
406,S1406,22,Female,3.6,1.3,2.1,No,68.0,6.3,Poor,2,Bachelor,Good,10,Yes,82.4
502,S1502,21,Female,0.3,3.2,2.2,No,88.4,7.1,Poor,3,,Average,4,Yes,34.0
47,S1047,23,Female,2.5,2.9,2.7,No,83.5,7.0,Good,4,,Good,8,Yes,59.7
32,S1032,20,Other,2.6,4.9,4.3,No,82.1,6.9,Good,3,Bachelor,Good,7,No,52.1
779,S1779,19,Female,3.6,2.0,1.0,Yes,80.7,7.1,Good,6,Bachelor,Average,10,No,85.6
839,S1839,21,Male,2.4,2.3,2.2,No,72.0,7.5,Good,6,Master,Average,3,No,63.9
200,S1200,23,Female,3.5,1.3,0.5,No,89.8,7.8,Fair,2,Bachelor,Good,7,No,81.9
134,S1134,23,Male,3.6,1.5,0.5,No,73.2,7.2,Fair,2,Bachelor,Good,3,No,70.7
27,S1027,18,Male,3.2,2.2,2.8,Yes,88.1,4.8,Fair,5,Bachelor,Average,3,No,71.1
880,S1880,21,Male,2.5,3.2,2.0,No,76.9,4.1,Fair,1,Bachelor,Good,6,No,41.6
230,S1230,22,Male,4.2,0.3,0.1,No,80.0,7.9,Poor,3,High School,Poor,9,Yes,100.0
489,S1489,21,Female,7.4,3.6,1.3,No,91.6,7.1,Good,3,High School,Good,6,Yes,100.0
772,S1772,17,Female,2.8,1.4,2.8,No,77.3,8.3,Poor,5,Master,Poor,7,No,73.0
378,S1378,18,Male,1.7,1.0,1.7,No,78.4,7.8,Good,6,Bachelor,Good,6,No,63.6
288,S1288,17,Male,5.4,1.6,1.4,No,100.0,7.1,Fair,3,High School,Average,5,No,95.5
418,S1418,24,Female,2.4,2.8,0.9,No,79.6,4.0,Good,4,,Average,3,Yes,54.7
674,S1674,20,Female,2.6,2.2,0.7,No,91.6,7.3,Poor,2,High School,Poor,6,No,63.6
391,S1391,19,Female,3.2,0.2,0.1,Yes,87.2,7.2,Good,4,,Average,3,No,72.6
592,S1592,21,Female,2.5,1.9,3.2,Yes,83.2,6.5,Fair,5,Master,Average,3,No,60.1
498,S1498,17,Female,2.0,2.7,2.0,No,91.9,6.7,Good,6,High School,Average,8,No,71.7
138,S1138,23,Male,3.9,3.3,0.5,No,87.0,8.5,Fair,3,Master,Average,2,No,64.1
62,S1062,21,Male,4.5,3.4,3.3,Yes,93.1,7.1,Good,6,High School,Good,10,No,94.7
471,S1471,24,Female,2.2,3.1,1.1,No,96.5,6.9,Fair,0,Bachelor,Poor,4,No,33.8
647,S1647,17,Female,4.3,1.5,0.0,No,88.9,4.6,Poor,6,,Average,4,No,84.2
128,S1128,20,Male,1.8,1.8,1.1,No,92.4,6.7,Good,0,High School,Good,2,No,48.7
976,S1976,24,Female,3.7,3.6,1.7,No,97.6,5.7,Good,0,Bachelor,Good,10,Yes,77.4
520,S1520,24,Female,4.1,3.3,0.6,Yes,78.7,5.1,Good,2,Bachelor,Good,1,No,62.7
838,S1838,20,Male,3.3,2.9,3.6,No,88.1,5.2,Fair,4,Bachelor,Average,8,Yes,60.3
962,S1962,22,Male,3.5,3.1,2.9,Yes,85.4,6.5,Good,0,Master,Average,6,No,55.1
64,S1064,23,Male,3.2,1.7,2.1,No,80.8,5.2,Good,3,High School,Poor,4,Yes,68.6
812,S1812,17,Female,4.5,0.9,2.2,No,84.8,5.9,Good,0,Bachelor,Good,1,No,70.6
14,S1014,24,Male,2.4,1.5,0.7,No,87.4,6.7,Poor,6,Bachelor,Average,9,No,78.9
156,S1156,23,Male,1.9,3.5,1.7,Yes,71.1,6.3,Fair,0,High School,Good,8,No,57.7
40,S1040,19,Female,3.7,4.7,2.0,No,98.8,8.5,Good,6,Bachelor,Good,2,No,69.7
492,S1492,17,Male,3.8,3.1,2.3,No,77.3,8.1,Good,2,High School,Good,6,No,67.8
379,S1379,17,Male,0.0,2.6,1.6,No,82.4,7.4,Good,5,High School,Average,3,No,32.9
187,S1187,23,Male,4.9,1.5,3.5,No,84.3,6.8,Fair,0,Bachelor,Average,4,No,73.8
763,S1763,18,Male,3.9,2.4,0.0,Yes,91.1,5.5,Good,3,High School,Poor,1,Yes,59.5
216,S1216,20,Female,2.5,2.1,1.5,No,90.2,5.6,Fair,6,High School,Average,1,Yes,60.3
791,S1791,24,Male,5.4,3.4,0.9,No,82.7,6.2,Fair,1,Bachelor,Good,9,No,92.3
52,S1052,19,Female,2.4,3.6,3.6,No,86.9,7.0,Fair,6,High School,Average,1,No,48.4
878,S1878,21,Male,3.5,1.3,1.8,Yes,60.6,4.8,Fair,4,Bachelor,Good,2,No,60.0
337,S1337,19,Male,5.3,2.2,1.7,No,92.0,5.2,Fair,2,High School,Good,5,No,93.1
748,S1748,17,Female,1.7,2.0,2.4,No,79.4,6.5,Good,5,High School,Average,8,No,45.7
719,S1719,20,Male,2.3,2.3,1.6,Yes,76.9,8.7,Fair,0,High School,Good,9,No,68.9
724,S1724,17,Male,3.5,0.0,1.7,No,84.5,7.5,Poor,4,High School,Average,4,Yes,70.5
295,S1295,20,Female,0.9,4.3,4.1,No,90.1,6.1,Good,6,High School,Average,4,No,27.6
701,S1701,24,Male,4.7,3.1,0.9,No,74.9,4.9,Good,4,High School,Average,9,Yes,96.4
251,S1251,17,Female,4.3,4.3,1.4,No,87.1,7.9,Fair,1,Master,Average,2,No,65.2
726,S1726,19,Male,2.3,1.9,0.0,Yes,85.1,7.5,Fair,6,Bachelor,Poor,7,Yes,77.4
461,S1461,21,Female,1.3,3.4,2.2,No,92.3,5.0,Fair,6,Master,Poor,5,No,49.7
455,S1455,19,Male,8.3,3.3,2.6,Yes,86.6,6.5,Fair,5,High School,Average,9,No,100.0
996,S1996,17,Female,2.9,1.0,2.4,Yes,86.0,6.8,Poor,1,High School,Average,6,Yes,65.9
815,S1815,21,Female,2.9,2.6,2.0,No,72.7,5.6,Poor,1,Master,Good,1,No,43.5
862,S1862,18,Female,5.5,2.0,0.0,No,90.1,6.2,Good,5,High School,Poor,1,No,93.7
269,S1269,19,Female,3.1,2.1,3.0,No,93.3,8.4,Good,4,Bachelor,Average,8,No,85.6
201,S1201,24,Male,4.4,0.9,0.0,No,92.3,5.8,Fair,3,High School,Good,8,No,96.5
161,S1161,17,Other,4.3,3.4,0.8,No,73.8,6.6,Good,6,High School,Average,7,No,76.8
555,S1555,24,Male,3.4,0.0,1.6,No,95.2,5.4,Good,3,,Average,10,Yes,83.4
729,S1729,20,Male,3.5,3.0,2.7,No,70.6,5.4,Fair,5,High School,Good,7,No,66.7
401,S1401,20,Male,2.4,2.6,1.0,No,77.0,6.0,Good,2,,Good,3,Yes,48.3
702,S1702,17,Male,4.7,1.2,1.8,No,81.6,6.0,Fair,1,Master,Good,3,No,83.1
476,S1476,17,Female,2.1,2.7,1.4,No,77.4,4.3,Good,5,Master,Good,4,Yes,39.9
821,S1821,20,Male,1.4,4.0,3.6,No,81.7,7.1,Good,3,Master,Poor,4,No,35.4
771,S1771,21,Female,4.2,2.0,3.5,No,88.0,6.5,Good,5,High School,Average,9,No,84.6
105,S1105,18,Male,1.4,3.9,3.9,Yes,68.1,8.0,Good,4,High School,Average,4,Yes,32.8
565,S1565,18,Female,5.1,2.5,2.4,No,90.3,5.0,Poor,0,Master,Good,6,No,79.3
389,S1389,17,Male,5.3,5.0,1.8,No,84.9,4.8,Poor,2,High School,Average,8,No,79.6
1,S1001,20,Female,6.9,2.8,2.3,No,97.3,4.6,Good,6,High School,Average,8,No,100.0
937,S1937,21,Female,1.9,3.2,1.2,No,75.9,6.0,Good,6,Bachelor,Good,5,No,41.7
982,S1982,20,Female,3.8,2.4,2.2,Yes,91.5,8.6,Fair,2,High School,Good,10,No,88.0
561,S1561,19,Other,3.1,1.9,3.7,No,78.5,7.9,Good,0,Bachelor,Good,10,Yes,66.6
80,S1080,23,Male,2.9,2.6,1.8,No,64.0,9.1,Good,6,High School,Good,8,No,70.7
205,S1205,21,Other,3.3,4.3,3.9,No,90.4,6.4,Fair,0,High School,Good,4,No,56.4
34,S1034,22,Female,1.1,2.7,0.1,No,100.0,7.7,Fair,1,High School,Good,4,No,51.2
775,S1775,21,Male,1.2,4.3,2.2,No,74.6,8.2,Fair,2,Bachelor,Average,4,No,36.2
508,S1508,24,Male,4.8,3.2,1.6,No,92.6,7.4,Fair,4,Bachelor,Poor,1,Yes,76.6
427,S1427,20,Female,2.9,2.3,0.8,Yes,75.7,7.3,Fair,5,Bachelor,Good,8,No,75.1
454,S1454,21,Male,3.2,3.2,2.6,Yes,78.0,4.2,Fair,5,Bachelor,Poor,1,No,46.7
366,S1366,22,Male,6.3,3.0,1.6,No,93.6,7.7,Poor,2,High School,Average,6,Yes,94.8
91,S1091,20,Female,4.8,4.3,2.1,No,80.6,4.7,Fair,5,High School,Average,2,No,63.4
339,S1339,20,Female,4.4,2.9,1.4,No,92.8,6.6,Fair,6,Master,Good,4,Yes,77.9
897,S1897,20,Male,4.8,2.7,2.3,No,93.2,6.6,Good,1,High School,Good,1,Yes,70.8
564,S1564,20,Male,2.1,4.9,1.1,No,92.0,8.0,Good,3,High School,Average,4,No,61.5
345,S1345,23,Male,2.8,1.5,0.3,No,91.6,6.7,Fair,3,Bachelor,Poor,4,No,71.6
776,S1776,17,Male,3.9,1.8,3.2,No,93.6,8.2,Poor,0,High School,Average,4,No,65.6
241,S1241,23,Male,4.3,2.7,2.4,Yes,66.5,5.0,Fair,5,Bachelor,Poor,3,No,60.6
13,S1013,19,Female,3.4,2.7,2.7,No,89.3,4.7,Fair,4,Bachelor,Good,10,No,75.8
315,S1315,24,Female,4.5,3.4,0.4,No,79.6,6.1,Fair,5,High School,Poor,10,No,98.8
600,S1600,21,Male,6.0,3.3,2.2,No,74.4,5.4,Fair,0,High School,Average,8,Yes,90.2
387,S1387,23,Male,4.0,1.8,3.4,No,87.1,8.1,Good,1,Bachelor,Poor,9,Yes,82.9
273,S1273,24,Male,2.6,2.3,1.7,No,85.6,5.7,Fair,1,Bachelor,Good,1,Yes,45.5
166,S1166,24,Male,2.1,1.2,1.8,No,87.5,5.1,Fair,1,High School,Average,7,No,66.7
840,S1840,23,Male,2.5,0.2,0.9,Yes,89.5,7.5,Good,3,High School,Good,6,Yes,80.0
992,S1992,18,Male,3.5,0.0,1.9,No,96.8,6.4,Fair,3,Bachelor,Poor,3,No,71.8
646,S1646,21,Female,3.9,2.4,1.8,No,100.0,6.2,Poor,2,High School,Average,3,No,68.4
818,S1818,20,Male,2.3,3.2,2.4,No,83.0,4.2,Fair,6,Bachelor,Poor,1,Yes,48.5
484,S1484,21,Female,1.9,1.2,0.9,No,85.3,5.1,Fair,2,Bachelor,Good,7,Yes,56.9
980,S1980,20,Female,3.7,3.5,2.5,No,93.0,5.2,Poor,6,High School,Good,10,Yes,81.0
504,S1504,23,Female,5.4,3.1,3.1,No,79.0,4.2,Fair,1,Bachelor,Good,4,No,77.9
831,S1831,21,Female,4.6,3.2,1.3,No,84.2,6.8,Poor,5,High School,Average,1,Yes,77.6
243,S1243,17,Female,4.6,2.2,1.7,No,85.2,7.6,Fair,2,Bachelor,Average,8,No,87.3
566,S1566,18,Male,2.7,3.7,2.3,No,86.7,7.0,Poor,5,High School,Good,4,Yes,63.9
875,S1875,19,Female,7.6,3.0,2.9,No,99.4,4.8,Poor,0,High School,Good,3,No,100.0
562,S1562,23,Female,4.6,1.2,0.0,No,63.1,6.4,Good,3,,Average,6,No,91.7
686,S1686,22,Female,5.4,1.8,3.0,Yes,75.6,6.9,Fair,0,High School,Average,1,No,69.9
189,S1189,22,Male,3.2,2.0,1.6,No,78.2,5.6,Fair,2,High School,Average,7,Yes,60.5
782,S1782,24,Female,3.9,3.3,1.1,Yes,90.6,8.6,Fair,0,,Good,3,No,56.0
699,S1699,19,Male,3.9,2.7,1.6,No,92.1,6.0,Fair,3,Bachelor,Average,9,No,77.8
475,S1475,24,Male,2.9,3.8,2.1,No,79.8,6.4,Good,6,Bachelor,Good,5,Yes,52.1
681,S1681,21,Male,0.7,0.7,1.0,No,81.7,9.3,Poor,6,,Average,3,No,51.5
510,S1510,17,Male,3.1,1.7,2.9,Yes,71.5,5.6,Good,0,Bachelor,Average,3,Yes,51.1
58,S1058,19,Female,2.2,5.0,1.0,No,78.4,7.5,Poor,5,Master,Average,2,Yes,46.4
474,S1474,19,Male,3.0,4.5,2.3,Yes,79.7,7.0,Fair,6,Bachelor,Good,5,No,52.6
560,S1560,20,Female,4.3,4.8,2.9,Yes,83.7,7.7,Fair,3,High School,Good,9,No,79.8
856,S1856,19,Female,3.1,0.7,1.3,Yes,88.0,7.6,Fair,2,High School,Poor,6,Yes,81.5
747,S1747,23,Male,1.8,1.1,0.3,No,85.5,6.4,Good,2,High School,Average,6,No,49.8
252,S1252,20,Female,4.2,1.2,4.0,No,75.8,6.5,Fair,1,High School,Good,10,No,85.3
21,S1021,21,Male,5.6,2.1,2.4,No,95.6,7.2,Fair,1,High School,Good,3,No,82.5
313,S1313,23,Female,3.5,0.8,0.6,No,89.2,7.7,Good,0,High School,Good,4,No,84.2
459,S1459,19,Female,5.2,4.2,2.8,Yes,93.0,7.5,Poor,2,High School,Good,7,No,77.9
160,S1160,23,Male,3.6,3.0,2.0,No,93.9,5.1,Fair,0,Master,Average,5,No,65.2
276,S1276,17,Male,3.1,2.3,2.4,Yes,83.2,5.9,Fair,4,High School,Good,4,Yes,61.5
955,S1955,19,Female,2.7,2.8,1.4,Yes,92.2,10.0,Poor,3,High School,Average,8,No,86.9
191,S1191,19,Male,0.8,3.2,1.4,No,84.9,8.3,Good,1,Master,Average,6,No,45.1
385,S1385,24,Male,4.2,3.0,2.1,No,73.0,6.5,Poor,4,Bachelor,Poor,2,No,64.2
805,S1805,20,Female,3.6,2.2,2.2,No,75.1,6.0,Fair,3,Bachelor,Average,10,Yes,76.1
413,S1413,17,Male,1.5,2.4,2.0,Yes,85.3,5.6,Poor,3,High School,Average,9,No,60.3
491,S1491,21,Female,4.0,4.3,2.4,No,84.8,8.3,Good,0,High School,Good,2,No,53.0
343,S1343,18,Other,3.5,1.8,1.9,No,85.8,6.6,Fair,0,High School,Good,9,No,85.0
769,S1769,17,Male,6.4,3.7,2.0,No,64.1,5.1,Fair,6,High School,Good,4,No,98.8
308,S1308,24,Male,1.7,3.3,1.3,No,94.7,5.8,Fair,6,Master,Good,6,Yes,61.5
661,S1661,19,Male,3.6,3.5,2.1,No,82.2,5.8,Good,3,Bachelor,Poor,10,No,62.5
130,S1130,20,Female,4.1,4.6,3.4,No,85.3,5.5,Poor,5,Bachelor,Good,10,No,81.6
663,S1663,22,Female,2.5,0.8,2.0,No,89.6,8.6,Fair,4,High School,Good,6,No,75.6
871,S1871,24,Male,2.0,1.7,0.2,Yes,81.4,7.3,Poor,3,Master,Good,8,Yes,66.5
99,S1099,21,Male,3.4,2.7,3.4,No,100.0,6.6,Good,1,High School,Good,6,No,65.6
372,S1372,18,Female,4.0,3.2,1.7,No,77.4,6.4,Fair,6,High School,Good,3,No,68.4
87,S1087,17,Male,2.3,0.9,1.0,No,69.0,6.2,Fair,1,Master,Average,2,Yes,47.2
458,S1458,19,Male,2.9,3.0,3.1,No,70.9,5.4,Good,5,Master,Good,3,No,59.0
330,S1330,17,Male,2.7,2.5,1.4,No,95.9,6.6,Good,6,Master,Average,2,No,52.2
214,S1214,19,Male,5.7,3.8,0.0,No,100.0,8.8,Fair,3,,Average,7,No,100.0
466,S1466,24,Female,2.8,4.2,0.9,No,90.3,6.1,Good,2,Bachelor,Average,10,No,59.7
121,S1121,21,Male,3.3,1.7,1.8,No,85.2,7.7,Poor,0,High School,Good,2,No,60.5
614,S1614,22,Female,2.4,1.9,0.0,No,75.3,6.5,Good,6,High School,Good,1,No,53.9
20,S1020,22,Female,3.8,2.3,2.9,No,83.0,6.4,Good,3,Master,Good,1,No,58.5
700,S1700,18,Female,3.3,1.9,1.3,No,100.0,7.0,Poor,0,Bachelor,Poor,6,Yes,67.7
71,S1071,18,Female,1.4,3.4,0.0,No,89.9,4.6,Fair,0,High School,Poor,10,Yes,55.1
106,S1106,22,Male,3.3,0.4,0.8,No,83.3,9.1,Good,6,High School,Good,4,Yes,82.3
270,S1270,22,Male,4.0,3.2,2.3,Yes,96.6,6.0,Good,4,High School,Good,3,Yes,63.0
860,S1860,20,Female,3.6,3.9,4.2,No,100.0,8.3,Poor,1,High School,Poor,8,Yes,65.6
435,S1435,24,Male,2.0,0.0,3.1,No,73.7,6.3,Good,6,High School,Average,3,Yes,58.3
102,S1102,18,Male,4.3,4.0,0.8,No,100.0,7.5,Fair,0,,Average,1,No,60.8
